left_gaze_origin_validity,right_gaze_origin_validity,Recording timestamp,Gaze point left X,Gaze point left Y,Gaze point left Z,Eye position left X,Eye position left Y,Eye position left Z,Gaze point right X,Gaze point right Y,Gaze point right Z,Eye position right X,Eye position right Y,Eye position right Z,Eye movement type
1,1,1163804493,6.99419,167.49426,50.32114,-33.45432,72.0585,684.76086,7.41817,164.11134,49.08986,27.24571,77.76801,681.71277,Fixation
1,1,1163804509,6.12085,168.88727,50.82817,-33.43235,72.13388,685.41455,7.80888,168.26332,50.60107,27.29854,77.73373,681.64417,Fixation
1,1,1163804526,4.80518,167.22693,50.22387,-33.39537,72.18007,685.7431,11.40488,165.33527,49.53534,27.33503,77.68011,681.29425,Fixation
1,1,1163804543,5.29263,168.38315,50.64469,-33.31065,72.1181,685.11194,10.84669,163.87173,49.00266,27.39864,77.71825,681.50696,Fixation
1,1,1163804559,6.99537,167.62206,50.36765,-33.24326,72.12029,684.87244,8.42389,164.88016,49.36971,27.47963,77.7695,681.7832,Fixation
1,1,1163804576,5.22552,168.6355,50.73654,-33.19459,72.20229,685.26807,8.67,162.38506,48.46155,27.53242,77.74982,681.53522,Fixation
1,1,1163804593,6.20647,166.66829,50.02055,-33.15365,72.26008,685.44122,10.18761,165.42412,49.56767,27.57602,77.7486,681.43982,Fixation
1,1,1163804609,5.57189,164.6992,49.30385,-33.09686,72.27611,685.20129,10.32537,165.38106,49.55199,27.63103,77.79907,681.59045,Fixation
1,1,1163804626,6.12064,164.64078,49.28261,-33.07085,72.26382,685.07349,9.28324,162.7366,48.5895,27.64869,77.79678,681.64075,Fixation
1,1,1163804643,-0.98666,164.14781,49.10314,-33.11094,72.2881,685.32959,2.87646,159.18661,47.29741,27.61582,77.74591,681.55267,Fixation
1,1,1163804659,0.67302,161.96848,48.30993,-33.08802,72.29058,685.12451,4.19051,159.3633,47.36172,27.65453,77.79559,681.71765,Fixation
1,1,1163804676,-0.47435,160.36717,47.7271,-33.08307,72.30299,685.07343,5.08026,155.71153,46.03256,27.66888,77.85078,681.81885,Fixation
1,1,1163804693,0.96336,161.96425,48.30839,-33.07666,72.30602,685.00891,3.67579,157.61002,46.72356,27.68636,77.89131,681.90808,Fixation
1,1,1163804709,-0.09954,159.36697,47.36308,-33.07663,72.30998,685.02136,2.63535,158.18463,46.9327,27.69121,77.90134,681.93243,Fixation
1,1,1163804726,0.57382,160.48631,47.77044,-33.08685,72.31711,685.11145,3.22221,156.96645,46.48935,27.68462,77.8888,681.94629,Fixation
1,1,1163804743,0.25192,161.7296,48.22299,-33.10978,72.33618,685.31824,3.16578,157.87447,46.81984,27.67266,77.87284,681.96021,Fixation
1,1,1163804759,1.16377,160.67033,47.83747,-33.14148,72.37047,685.60126,4.02656,156.6779,46.38432,27.6539,77.85805,681.89722,Fixation
1,1,1163804776,-0.01199,160.48813,47.77116,-33.16813,72.39754,685.78076,5.82078,161.56549,48.16325,27.63368,77.86311,681.83508,Fixation
1,1,1163804793,-1.3636,161.83809,48.26248,-33.18469,72.4153,685.87,4.92778,157.5919,46.71699,27.61646,77.87553,681.73328,Fixation
1,1,1163804809,-0.53381,165.85526,49.72464,-33.18656,72.41748,685.75262,5.64862,159.29726,47.33771,27.60478,77.88465,681.61841,Fixation
1,1,1163804826,-1.90659,167.22104,50.22169,-33.18578,72.42857,685.64734,4.45213,163.59677,48.9026,27.59299,77.87978,681.50342,Fixation
1,1,1163804843,-0.37861,164.6313,49.27909,-33.19106,72.44133,685.61993,7.26852,162.21147,48.39837,27.58292,77.88518,681.46594,Fixation
1,1,1163804859,-1.41005,163.94585,49.02963,-33.20282,72.4402,685.60632,4.84314,164.15044,49.1041,27.5681,77.88383,681.45422,Fixation
1,1,1163804876,-1.34305,163.88277,49.00668,-33.21325,72.41445,685.58026,5.49304,161.58392,48.16993,27.55388,77.88351,681.49402,Fixation
1,1,1163804893,0.44547,163.00098,48.6857,-33.22282,72.37798,685.46301,3.72676,159.81345,47.52557,27.54142,77.87814,681.49445,Fixation
1,1,1163804909,0.08162,162.22188,48.40214,-33.23384,72.36481,685.37073,4.34552,160.55905,47.79693,27.5338,77.88673,681.573,Fixation
1,1,1163804926,-0.94049,164.77031,49.3297,-33.24314,72.37943,685.3562,4.64582,158.98561,47.22426,27.52769,77.90421,681.63757,Fixation
1,1,1163804943,0.58041,166.2468,49.8671,-33.24966,72.40725,685.38,5.11054,162.79672,48.61139,27.5319,77.92458,681.73993,Fixation
1,1,1163804959,2.1824,165.18591,49.48097,-33.24575,72.41005,685.35394,4.93565,163.55948,48.88904,27.53636,77.92627,681.71472,Fixation
1,1,1163804976,-0.83263,165.38254,49.55257,-33.24159,72.41188,685.39404,5.25672,162.48083,48.49643,27.54132,77.92432,681.64941,Fixation
1,1,1163804993,-0.04697,163.04288,48.70099,-33.23228,72.40974,685.38184,4.48698,160.50365,47.77679,27.54836,77.9248,681.62256,Fixation
1,1,1163805009,-0.95446,162.14011,48.37238,-33.22694,72.41032,685.43506,4.98674,161.93994,48.29955,27.55119,77.90753,681.50708,Fixation
1,1,1163805026,-0.70485,164.5793,49.26019,-33.22281,72.39726,685.44873,5.90344,161.92677,48.29477,27.55537,77.90051,681.49335,Fixation
1,1,1163805043,-0.91049,165.51857,49.60205,-33.21867,72.38924,685.51581,4.2276,162.73987,48.59076,27.56464,77.89574,681.51898,Fixation
1,1,1163805059,-1.51433,161.99942,48.32118,-33.21438,72.38308,685.59436,5.19949,160.28647,47.69775,27.57605,77.88754,681.55627,Fixation
1,1,1163805076,-1.24281,162.25937,48.41581,-33.21135,72.38445,685.67236,4.7998,159.08618,47.26086,27.5908,77.8892,681.64484,Fixation
1,1,1163805093,-0.21802,159.76413,47.5076,-33.20964,72.39949,685.79004,3.73182,158.01227,46.86998,27.5971,77.89421,681.68274,Fixation
1,1,1163805109,-1.3516,159.90277,47.55804,-33.20699,72.40875,685.80377,4.2489,161.60768,48.17859,27.5961,77.90334,681.68353,Fixation
1,1,1163805126,-1.96429,165.04979,49.43146,-33.20734,72.41997,685.77747,5.09552,162.64775,48.55719,27.58823,77.91584,681.67072,Fixation
1,1,1163805143,0.67124,163.20218,48.75897,-33.21293,72.4451,685.74963,4.61111,160.94743,47.93833,27.57887,77.93684,681.65881,Fixation
1,1,1163805159,-1.35765,163.90309,49.01405,-33.21841,72.46405,685.70911,5.63305,159.8669,47.54503,27.57525,77.96157,681.73615,Fixation
1,1,1163805176,-0.83343,159.81575,47.52639,-33.22232,72.48195,685.72052,6.30438,159.78661,47.5158,27.57193,77.97621,681.78882,Fixation
1,1,1163805193,-0.85917,160.92224,47.92914,-33.22482,72.51048,685.75879,4.79889,160.60226,47.81264,27.57775,78.0022,681.85303,Fixation
1,1,1163805209,-1.44707,155.98279,46.13132,-33.22351,72.53388,685.74573,4.50103,159.855,47.54073,27.57722,78.02498,681.89093,Fixation
1,1,1163805226,-1.92637,160.77823,47.87673,-33.22482,72.54727,685.74548,6.67623,159.91585,47.56281,27.57451,78.03606,681.89124,Fixation
1,1,1163805243,-0.20909,160.6825,47.84185,-33.23149,72.54269,685.73218,3.58078,156.41704,46.2894,27.56898,78.03934,681.90527,Fixation
1,1,1163805259,0.11948,159.20354,47.30362,-33.23803,72.5204,685.71851,5.52494,158.88373,47.18718,27.55786,78.02448,681.94348,Fixation
1,1,1163805276,-0.84084,159.09912,47.26558,-33.2513,72.50061,685.7439,0.69942,158.99394,47.22733,27.5526,78.01801,682.0481,Fixation
1,1,1163805293,0.57277,162.47513,48.49432,-33.26303,72.49286,685.7688,3.45241,159.33374,47.351,27.5432,78.00966,682.06128,Fixation
1,1,1163805309,-0.85142,160.6618,47.83434,-33.26722,72.48654,685.72974,3.82075,161.02388,47.96614,27.5394,78.02177,682.16473,Fixation
1,1,1163805326,2.22093,161.05653,47.97799,-33.26325,72.47879,685.72986,4.15596,161.90627,48.2873,27.53975,78.01387,682.12622,Fixation
1,1,1163805343,-1.5855,162.30457,48.43228,-33.25394,72.48659,685.77032,4.02189,161.52159,48.1473,27.54857,78.00576,682.04749,Fixation
1,1,1163805359,-0.6202,162.54411,48.51945,-33.24059,72.49799,685.78418,6.29496,161.54742,48.15669,27.55643,77.99914,681.95752,Fixation
1,1,1163805376,1.6276,160.38948,47.73518,-33.22887,72.51598,685.7854,5.19637,158.77214,47.14655,27.57155,78.01157,681.93115,Fixation
1,1,1163805393,-1.3457,159.97536,47.58449,-33.21943,72.54544,685.82422,5.19318,157.49847,46.68299,27.58655,78.02389,681.89124,Fixation
1,1,1163805409,1.37269,160.30222,47.70348,-33.20477,72.55347,685.86523,3.40907,159.86032,47.54263,27.61152,78.02477,681.9137,Fixation
1,1,1163805426,8.24898,163.1048,48.72355,-33.13313,72.5722,685.74384,10.93673,161.35321,48.08601,27.70067,78.09672,682.38269,Fixation
1,1,1163805443,7.9085,160.20735,47.66892,-33.09577,72.57462,685.52759,11.26031,156.6004,46.35612,27.71757,78.13747,682.49786,Fixation
1,1,1163805459,4.43979,161.44902,48.12088,-33.07323,72.64555,685.80389,14.08858,158.04613,46.88232,27.73085,78.24966,682.71545,Fixation
1,1,1163805476,-0.87302,150.45462,44.11921,-33.01603,72.87924,686.30438,10.21734,155.71555,46.03405,27.70693,78.38982,682.88611,Fixation
1,0,1163805493,8.66411,61.62971,11.78966,-32.98393,73.12416,686.3866,,,,,,,Fixation
0,0,1163805509,,,,,,,,,,,,,EyesNotFound
0,0,1163805526,,,,,,,,,,,,,EyesNotFound
0,0,1163805543,,,,,,,,,,,,,EyesNotFound
0,0,1163805559,,,,,,,,,,,,,EyesNotFound
1,1,1163805576,2.81375,121.9727,33.75265,-33.19001,73.10146,686.33667,13.45171,110.33547,29.51704,27.54906,78.72768,682.85986,Fixation
1,1,1163805593,1.17224,172.57579,52.17071,-33.18911,73.01737,686.25806,7.06598,159.40262,47.37605,27.52636,78.67029,682.79767,Fixation
1,1,1163805609,2.4215,154.01897,45.41653,-33.19707,72.99187,686.25787,11.13546,148.41212,43.37585,27.51411,78.63087,682.70782,Fixation
1,1,1163805626,1.84659,157.929,46.83966,-33.20113,72.9631,686.24561,9.79202,153.14801,45.09955,27.52014,78.60371,682.74609,Fixation
1,1,1163805643,2.33763,157.73752,46.76994,-33.20245,72.94716,686.23267,10.44509,158.1499,46.92009,27.53027,78.56303,682.77045,Fixation
1,1,1163805659,3.35908,161.64833,48.19339,-33.19588,72.93324,686.22021,11.3912,160.19936,47.66605,27.53724,78.53557,682.73102,Fixation
1,1,1163805676,2.35581,160.90645,47.92339,-33.18691,72.91926,686.16992,11.26932,159.70985,47.48788,27.54537,78.51119,682.58917,Fixation
1,1,1163805693,6.35145,160.57127,47.80138,-33.18304,72.90726,686.13184,10.73446,160.3513,47.72136,27.55519,78.46465,682.30457,Fixation
1,1,1163805709,6.39793,158.70169,47.1209,-33.17542,72.89667,686.08081,8.9113,158.13795,46.91573,27.59802,78.43752,682.26257,Fixation
1,1,1163805726,6.79839,157.15086,46.55646,-33.14954,72.86606,686.00507,6.68961,155.70421,46.02991,27.64812,78.42514,682.40045,Fixation
1,1,1163805743,5.55232,156.37479,46.27395,-33.12039,72.82481,685.99243,7.47964,152.03673,44.6951,27.66524,78.39404,682.50128,Fixation
1,1,1163805759,5.84791,158.19994,46.93827,-33.10326,72.77414,685.94141,8.86663,157.54633,46.70041,27.67552,78.34455,682.51337,Fixation
1,1,1163805776,4.48062,160.8596,47.90634,-33.09924,72.75885,685.91589,8.30091,157.1432,46.55366,27.67939,78.33658,682.52698,Fixation
1,1,1163805793,4.85203,159.84113,47.53568,-33.10457,72.77106,685.95435,8.78381,155.8237,46.07343,27.67914,78.35292,682.54016,Fixation
1,1,1163805809,6.49465,156.83133,46.44012,-33.10832,72.79144,686.00684,8.06391,154.66145,45.65038,27.68125,78.38149,682.578,Fixation
1,1,1163805826,5.09547,157.42709,46.65698,-33.11106,72.81187,686.00623,8.62896,152.68571,44.93128,27.68254,78.41086,682.59113,Fixation
1,1,1163805843,5.65787,154.66568,45.65197,-33.12939,72.84571,686.07019,7.95055,155.65395,46.01167,27.67989,78.43073,682.60358,Fixation
1,1,1163805859,6.55477,156.78209,46.42227,-33.16194,72.87546,686.18555,5.62395,154.16914,45.4712,27.65805,78.4293,682.55408,Fixation
1,1,1163805876,6.44209,154.35205,45.53778,-33.18387,72.86261,686.23315,6.90798,154.26517,45.50613,27.61102,78.39488,682.4809,Fixation
1,1,1163805893,5.72344,158.93198,47.20474,-33.21041,72.75031,686.24335,9.09467,157.03378,46.51389,27.55452,78.34048,682.60175,Fixation
1,1,1163805909,-0.24758,157.04987,46.51969,-33.2851,72.66131,686.00269,3.56328,158.73703,47.13377,27.48384,78.26663,682.62012,Fixation
1,1,1163805926,3.18538,153.09515,45.08031,-33.35248,72.63986,686.08734,2.0492,157.0943,46.53587,27.43859,78.21104,682.36652,Fixation
1,1,1163805943,3.3427,154.97142,45.7632,-33.40188,72.63166,686.18475,4.31793,155.65776,46.01301,27.37112,78.17361,682.19135,Fixation
1,1,1163805959,0.69805,152.64017,44.91467,-33.42596,72.58954,686.07642,5.98075,153.88606,45.36816,27.317,78.17917,682.28577,Fixation
1,1,1163805976,1.11867,156.72919,46.40297,-33.46019,72.54024,686.08606,5.77474,155.11934,45.81708,27.2874,78.20969,682.49524,Fixation
1,1,1163805993,-0.4367,157.80231,46.7936,-33.49719,72.50423,685.99219,5.54646,152.15224,44.73714,27.26704,78.22752,682.6123,Fixation
1,1,1163806009,1.09245,158.39148,47.00801,-33.53867,72.50316,685.86823,3.27246,157.15169,46.55677,27.25028,78.23598,682.62659,Fixation
1,1,1163806026,2.95304,157.2869,46.60595,-33.56926,72.51165,685.87848,2.88662,156.24551,46.22694,27.22267,78.2085,682.40997,Fixation
1,1,1163806043,3.17745,158.18311,46.93216,-33.58614,72.48584,685.88953,3.0598,153.19408,45.11631,27.202,78.18048,682.25702,Fixation
1,1,1163806059,6.10079,159.60031,47.44799,-33.59953,72.44193,685.85114,3.21731,153.61758,45.27045,27.19308,78.1403,682.20642,Fixation
1,1,1163806076,4.16958,156.56087,46.34173,-33.60383,72.42005,685.85193,3.87988,154.0206,45.41716,27.19513,78.07458,682.15466,Fixation
1,1,1163806093,4.18866,156.83606,46.4419,-33.59619,72.40437,685.82715,3.06569,154.3956,45.55365,27.20263,78.03438,682.19269,Fixation
1,1,1163806109,5.35398,156.55933,46.34117,-33.58694,72.39147,685.84106,2.55964,158.08145,46.89514,27.21395,78.00893,682.24329,Fixation
1,1,1163806126,6.54808,154.42604,45.56469,-33.50935,72.3489,685.6261,5.61586,155.87477,46.092,27.2678,78.0368,682.63831,Fixation
1,1,1163806143,5.18951,152.66641,44.92425,-33.48475,72.34566,685.75732,7.68178,156.9272,46.47507,27.2779,78.03032,682.63794,Fixation
1,1,1163806159,5.28981,155.43695,45.93266,-33.47662,72.3449,685.82324,6.96645,154.73416,45.67689,27.28272,78.01259,682.5343,Fixation
1,1,1163806176,4.3692,155.66646,46.01617,-33.45678,72.3633,685.86517,11.23667,155.5365,45.96887,27.29079,77.99118,682.37878,Fixation
1,1,1163806193,3.49184,153.77682,45.32841,-33.44165,72.39359,685.99683,8.64267,156.93517,46.47794,27.30959,77.95866,682.10693,Fixation
1,1,1163806209,5.8957,154.47469,45.58241,-33.42686,72.42915,686.15735,7.19223,156.97237,46.49148,27.35075,77.93723,681.92297,Fixation
1,1,1163806226,8.8933,154.39462,45.55329,-33.40261,72.42555,686.0827,5.36003,158.0056,46.86753,27.41697,77.97523,682.20062,Fixation
1,1,1163806243,9.41085,157.39578,46.64563,-33.34942,72.39548,685.85321,6.44183,157.92046,46.83657,27.47484,78.01714,682.53033,Fixation
1,1,1163806259,6.74963,156.60355,46.35725,-33.28857,72.38032,685.7804,7.84294,155.90961,46.10471,27.50216,78.03876,682.70959,Fixation
1,1,1163806276,3.97345,156.49989,46.31955,-33.24954,72.38741,685.901,10.13266,153.24747,45.13574,27.50825,78.01976,682.5791,Fixation
1,1,1163806293,4.17334,154.29271,45.51617,-33.23218,72.37708,685.96729,9.24341,153.94734,45.39045,27.52071,77.97511,682.41071,Fixation
1,1,1163806309,3.83647,155.56807,45.98035,-33.22926,72.34822,686.12354,8.4303,154.0293,45.42031,27.5438,77.92375,682.37054,Fixation
1,1,1163806326,4.5262,159.63741,47.4615,-33.21728,72.29061,686.19128,9.02419,154.0177,45.41608,27.55421,77.86128,682.38269,Fixation
1,1,1163806343,4.64,161.97887,48.31373,-33.20523,72.25418,686.25891,9.73615,156.58727,46.35133,27.55687,77.82651,682.36938,Fixation
1,1,1163806359,4.12473,159.27144,47.32827,-33.20229,72.24147,686.29919,11.6145,156.86794,46.45348,27.55639,77.79173,682.29163,Fixation
1,1,1163806376,3.59171,159.86465,47.54416,-33.20101,72.23838,686.28723,10.11828,157.59763,46.71903,27.55465,77.77052,682.21472,Fixation
1,1,1163806393,3.78525,160.22159,47.67411,-33.20487,72.24348,686.32593,10.05835,157.09207,46.53502,27.54658,77.78886,682.33124,Fixation
1,1,1163806409,3.81107,159.97874,47.58572,-33.21674,72.25573,686.33716,9.53676,157.20624,46.57664,27.53969,77.81526,682.4873,Fixation
1,1,1163806426,3.07397,157.93013,46.8401,-33.23409,72.257,686.24353,7.70364,157.56393,46.70684,27.5315,77.84005,682.6427,Fixation
1,1,1163806443,4.06332,158.43678,47.02448,-33.25922,72.25076,686.14941,10.3042,157.65453,46.7398,27.51512,77.85329,682.70886,Fixation
1,1,1163806459,5.41952,159.43669,47.38845,-33.29326,72.22112,685.93658,7.43221,156.95746,46.48606,27.49781,77.85417,682.74921,Fixation
1,1,1163806476,9.25903,158.86285,47.17957,-33.35685,72.20363,685.91736,8.33533,157.01038,46.50535,27.44851,77.81933,682.49432,Fixation
1,1,1163806493,7.53245,156.6993,46.39212,-33.41656,72.2262,686.21216,9.80238,158.01985,46.87275,27.38754,77.78541,682.30615,Fixation
1,1,1163806509,4.93411,153.93526,45.3861,-33.43187,72.21326,686.19666,10.30015,158.41928,47.01816,27.32016,77.77674,682.36316,Fixation
1,1,1163806526,2.76443,157.67911,46.74872,-33.45868,72.15858,686.12561,12.94364,156.36794,46.27152,27.28719,77.79567,682.58594,Fixation
1,1,1163806543,4.92399,156.03676,46.15094,-33.50607,72.10384,686.2384,8.20908,152.30804,44.79384,27.27069,77.80181,682.74207,Fixation
1,1,1163806559,6.39998,161.00797,47.96032,-33.53922,72.05147,686.17084,7.90892,152.65001,44.9183,27.24896,77.77103,682.69153,Fixation
1,1,1163806576,7.34702,159.8959,47.5556,-33.56466,72.02943,686.07709,7.97933,152.30576,44.79298,27.23,77.75351,682.62903,Fixation
1,1,1163806593,6.711,157.70888,46.75956,-33.57252,72.0568,686.10156,5.82009,152.19194,44.75157,27.23288,77.77261,682.62915,Fixation
1,1,1163806609,5.96444,152.64967,44.91818,-33.57652,72.11082,686.12592,7.28201,155.38504,45.91375,27.24699,77.79906,682.69214,Fixation
1,1,1163806626,5.09138,156.27376,46.23723,-33.5781,72.14572,686.11316,7.57822,156.13829,46.1879,27.25242,77.80519,682.66534,Fixation
1,1,1163806643,6.49051,156.7197,46.39951,-33.57947,72.16666,686.1402,7.41603,157.75473,46.77621,27.2575,77.81076,682.66516,Fixation
1,1,1163806659,5.36679,153.38179,45.18466,-33.57549,72.17802,686.15369,8.74758,160.07426,47.62049,27.26206,77.82124,682.70337,Fixation
1,1,1163806676,7.8645,155.53445,45.96811,-33.55814,72.17195,686.1557,8.71291,157.44823,46.66472,27.27528,77.82933,682.77966,Fixation
1,1,1163806693,4.86171,155.44063,45.93398,-33.52779,72.1555,686.14551,9.13968,156.26707,46.2348,27.28137,77.82705,682.80566,Fixation
1,1,1163806709,2.63142,153.92934,45.38392,-33.50872,72.16043,686.27747,12.07725,154.65446,45.6478,27.28454,77.81076,682.72711,Fixation
1,1,1163806726,3.96636,156.69601,46.39091,-33.48743,72.13327,686.3053,10.16257,151.79936,44.60867,27.30172,77.77118,682.61035,Fixation
1,1,1163806743,2.56346,157.32603,46.62019,-33.46609,72.08446,686.39996,8.03588,155.9946,46.13562,27.33518,77.71501,682.56903,Fixation
1,1,1163806759,4.41182,160.42847,47.74941,-33.44504,72.03983,686.4032,9.71997,158.72983,47.13114,27.36024,77.66478,682.56628,Fixation
1,1,1163806776,3.41397,159.97568,47.58459,-33.42934,72.02397,686.31433,9.43616,156.4948,46.31768,27.39148,77.67943,682.71863,Fixation
1,1,1163806793,6.08831,159.20709,47.30486,-33.41592,72.05629,686.32739,6.92224,154.98788,45.76918,27.41634,77.71083,682.74274,Fixation
1,1,1163806809,6.25648,154.4413,45.57026,-33.41034,72.16103,686.46936,6.6971,152.11163,44.72232,27.44425,77.77805,682.84387,Fixation
1,1,1163806826,6.92368,155.52032,45.96297,-33.41676,72.23329,686.54895,7.14471,155.3161,45.88864,27.46003,77.80875,682.8551,Fixation
1,1,1163806843,7.52255,154.5564,45.61214,-33.41811,72.23988,686.54999,5.22085,153.54398,45.24371,27.46536,77.811,682.85443,Fixation
1,1,1163806859,4.98275,156.6302,46.36697,-33.41537,72.22977,686.57507,7.92425,154.98448,45.76798,27.46226,77.80437,682.87988,Fixation
1,1,1163806876,5.54588,154.92328,45.74571,-33.40757,72.18456,686.52234,7.68273,154.07445,45.43675,27.45416,77.77632,682.8819,Fixation
1,1,1163806893,5.58484,156.25189,46.22928,-33.40774,72.12674,686.47052,9.75994,154.7766,45.69231,27.44843,77.7252,682.9071,Fixation
1,1,1163806909,5.37531,162.46803,48.49177,-33.41832,72.10631,686.44336,10.16063,156.22763,46.22039,27.43874,77.70112,682.84351,Fixation
1,1,1163806926,5.45088,157.4084,46.65019,-33.43546,72.11043,686.44049,8.12939,154.021,45.41729,27.41423,77.70903,682.80731,Fixation
1,1,1163806943,5.45013,158.54338,47.0633,-33.46071,72.11066,686.43817,10.53112,155.55734,45.97644,27.37523,77.7101,682.65564,Fixation
1,1,1163806959,3.99494,157.63396,46.73234,-33.49509,72.11559,686.47522,10.64824,154.65593,45.64837,27.33355,77.73386,682.7229,Fixation
1,1,1163806976,7.78983,156.47087,46.30896,-33.53733,72.09811,686.4046,11.0601,154.08379,45.44011,27.30434,77.75687,682.88135,Fixation
1,1,1163806993,7.86331,158.56564,47.0714,-33.59039,72.07457,686.2691,10.18697,154.07066,45.43534,27.27401,77.76212,682.88373,Fixation
1,1,1163807009,7.49773,156.99196,46.49864,-33.63265,72.08864,686.29004,6.92332,153.46954,45.21659,27.23503,77.7682,682.75842,Fixation
1,1,1163807026,-2.5033,158.19249,46.93555,-33.6881,72.14827,686.29614,4.11746,157.19461,46.57238,27.11396,77.78925,682.72955,Fixation
1,1,1163807043,1.24163,157.95085,46.84762,-33.73708,72.14893,686.3833,9.52426,154.13495,45.45875,27.06519,77.79512,682.74585,Fixation
1,1,1163807059,2.73663,156.1174,46.18031,-33.81362,72.13654,686.33612,7.15131,156.24104,46.22531,27.0367,77.81205,682.86401,Fixation
1,1,1163807076,1.25575,157.28209,46.60424,-33.87165,72.13926,686.27527,2.68239,154.78378,45.69489,26.97674,77.77154,682.59814,Fixation
1,1,1163807093,-0.41514,154.61946,45.63511,-33.92596,72.18184,686.27136,7.46691,157.8649,46.81633,26.86268,77.81246,682.72388,Fixation
1,1,1163807109,2.62116,156.6248,46.36498,-34.0382,72.23343,686.30103,3.58857,158.68524,47.11489,26.8253,77.85425,682.90771,Fixation
1,1,1163807126,0.67346,159.62421,47.4567,-34.10415,72.31703,686.23761,4.5155,154.76898,45.68951,26.73073,77.951,682.70837,Fixation
1,1,1163807143,-1.33228,158.42337,47.01963,-34.16748,72.47778,686.37842,8.41638,158.03625,46.87873,26.61716,78.0683,682.80804,Fixation
1,1,1163807159,3.1809,156.05408,46.15727,-34.29809,72.62891,686.32178,4.77949,154.89474,45.7353,26.57143,78.24763,682.83716,Fixation
1,1,1163807176,-0.68571,160.29543,47.70098,-34.35883,72.70935,686.3446,8.11085,159.90707,47.55963,26.43429,78.29399,682.53925,Fixation
1,1,1163807193,0.69313,157.13144,46.54941,-34.50297,72.80983,686.11572,6.45564,156.28377,46.24086,26.35981,78.48007,682.84143,Fixation
1,1,1163807209,-0.5462,158.05396,46.88515,-34.59692,72.86698,685.97766,6.69996,158.15422,46.92166,26.18991,78.46304,682.39056,Fixation
1,1,1163807226,2.45194,157.11221,46.54242,-34.784,72.81892,685.9137,2.99349,156.59575,46.3544,26.07695,78.43819,682.38745,Fixation
1,1,1163807243,3.5591,155.21951,45.8535,-34.97618,72.62103,685.75336,5.72131,159.42793,47.38526,25.90394,78.29051,682.56824,Fixation
1,1,1163807259,3.20633,155.16776,45.83467,-35.11766,72.30289,685.21472,5.84988,156.8632,46.45176,25.70882,78.07205,682.21039,Fixation
1,1,1163807276,1.17032,156.36003,46.26863,-35.27518,72.04811,685.01233,4.59091,155.99327,46.13511,25.51164,77.86745,681.65918,Fixation
1,1,1163807293,-0.62622,156.14954,46.19202,-35.47234,71.92591,685.4375,6.0521,154.08115,45.43915,25.32803,77.8005,681.71204,Fixation
1,1,1163807309,4.44086,156.95952,46.48681,-35.6757,71.88454,685.45093,5.81163,154.41167,45.55949,25.14634,77.78951,681.76447,Fixation
1,1,1163807326,2.96922,156.41081,46.28707,-35.82234,71.76111,685.02649,5.37331,156.71317,46.39714,24.98699,77.82639,681.99573,Fixation
1,1,1163807343,2.31075,156.85431,46.44852,-35.95304,71.69366,684.76514,4.87296,157.42799,46.6573,24.82911,77.79784,681.67432,Fixation
1,1,1163807359,2.56857,158.38658,47.00623,-36.0666,71.66452,685.05518,4.13756,157.1523,46.55697,24.74525,77.78293,682.10425,Fixation
1,1,1163807376,3.19714,155.54884,45.97338,-36.09654,71.61987,685.19452,5.25374,154.88327,45.73114,24.72254,77.70055,682.15704,Fixation
1,1,1163807393,2.65012,159.79411,47.51852,-36.0343,71.47163,684.9126,4.63769,155.42049,45.92666,24.78502,77.57507,682.46222,Fixation
1,1,1163807409,2.63648,161.13173,48.00537,-35.93896,71.47528,685.16119,3.33416,154.68184,45.65779,24.87352,77.40564,681.96643,Fixation
1,1,1163807426,2.42519,160.99466,47.95552,-35.83842,71.47754,685.13074,6.19824,158.29434,46.97262,25.01183,77.38513,682.78003,Fixation
1,1,1163807443,1.56326,160.38275,47.73277,-35.72416,71.49554,685.10547,4.48477,156.83362,46.44101,25.11425,77.22316,682.47534,Fixation
1,1,1163807459,1.52476,156.89717,46.46416,-35.6944,71.54051,685.43439,2.70295,154.47086,45.58105,25.21028,77.15864,682.94592,Fixation
1,1,1163807476,1.45725,156.45671,46.30383,-35.72429,71.52108,685.30066,2.5415,155.85963,46.08652,25.17747,77.03991,683.16809,Fixation
1,1,1163807493,2.57966,157.15739,46.55884,-35.86204,71.55859,685.37463,7.41243,157.68207,46.74977,25.04082,76.99358,683.26941,Fixation
1,1,1163807509,2.11224,154.86037,45.72277,-36.04672,71.61269,685.26385,4.53289,156.19965,46.21024,24.87415,77.03346,683.66986,Fixation
1,1,1163807526,4.97391,156.82179,46.43669,-36.33699,71.69707,685.42957,5.91248,157.32448,46.61965,24.59616,77.02369,683.35498,Fixation
1,1,1163807543,3.77139,157.10507,46.53978,-36.63665,71.77748,685.38977,2.39094,149.49702,43.77072,24.30496,77.20462,683.55676,Fixation
1,1,1163807559,2.65361,156.57124,46.34549,-37.04179,71.92374,685.55481,4.98795,155.93111,46.11252,23.90055,77.28374,683.36731,Fixation
1,1,1163807576,6.14505,158.36751,46.99928,-37.3488,71.89194,685.04846,6.20923,156.3903,46.27964,23.55704,77.46915,683.80469,Fixation
1,1,1163807593,3.75945,159.84326,47.5364,-37.737,71.92893,685.47278,5.08567,152.65637,44.9206,23.17837,77.4558,683.4447,Fixation
1,1,1163807609,8.91663,160.90671,47.92347,-38.10907,71.87595,685.24323,9.94251,155.2164,45.8524,22.79488,77.48137,683.56165,Fixation
1,1,1163807626,6.72193,157.03423,46.51397,-38.40618,71.84757,685.34418,5.24595,158.09778,46.90111,22.50735,77.48537,683.41241,Fixation
1,1,1163807643,5.70198,158.42406,47.0199,-38.63361,71.75943,685.40997,5.54317,159.03465,47.24207,22.27123,77.52521,683.49402,Fixation
1,1,1163807659,7.00237,155.54263,45.97108,-38.7965,71.66251,685.22418,7.39283,156.80621,46.43102,22.08247,77.50319,683.27374,Fixation
1,1,1163807676,6.796,160.25536,47.6864,-38.84799,71.52628,685.33063,6.93335,156.80185,46.42941,22.04108,77.50761,683.48334,Fixation
1,1,1163807693,4.69951,156.51074,46.3235,-38.8657,71.43814,685.3186,6.26265,155.94348,46.11703,22.00488,77.47067,683.45972,Fixation
1,1,1163807709,5.88238,159.94896,47.57491,-38.88074,71.3073,685.53687,7.44839,153.3093,45.15823,21.96724,77.40535,683.34625,Fixation
1,1,1163807726,6.54925,157.8197,46.79993,-38.87073,71.21515,685.26764,8.3431,154.43205,45.56689,21.93533,77.33994,683.24487,Fixation
1,1,1163807743,5.80181,157.51581,46.68932,-38.8786,71.12369,685.42969,7.54355,154.91168,45.74147,21.9351,77.29229,683.19409,Fixation
1,1,1163807759,7.90599,158.58388,47.07803,-38.84933,71.06296,685.3584,7.24323,154.68869,45.6603,21.98381,77.29902,683.177,Fixation
1,1,1163807776,10.09945,158.34708,46.99183,-38.7995,71.1553,685.41467,7.88929,152.43442,44.8398,22.04263,77.39048,683.14764,Fixation
1,1,1163807793,7.66072,159.35037,47.35699,-38.72709,71.28743,685.45386,11.17623,156.03316,46.1497,22.08191,77.49895,683.15741,Fixation
1,1,1163807809,6.02193,157.62523,46.72914,-38.67696,71.487,685.47485,9.69801,157.49995,46.6835,22.10233,77.67152,683.03961,Fixation
1,1,1163807826,6.56182,156.99501,46.49975,-38.66264,71.63687,685.18689,9.77439,156.06577,46.16151,22.12409,77.84219,683.06555,Fixation
1,1,1163807843,5.89333,160.22798,47.67646,-38.6964,71.73401,685.43182,9.11778,156.20909,46.21371,22.09349,77.8987,682.94971,Fixation
1,1,1163807859,9.66399,157.28857,46.60656,-38.75747,71.75108,685.2121,10.77648,157.45932,46.66873,22.07508,77.9333,683.09265,Fixation
1,1,1163807876,8.83336,158.71825,47.12691,-38.82874,71.73136,685.19061,3.92006,158.84787,47.1741,22.03507,77.91902,683.0697,Fixation
1,1,1163807893,3.75952,159.411,47.3791,-38.8804,71.72661,685.51514,7.16669,156.32843,46.25711,21.93638,77.86755,682.90912,Fixation
1,1,1163807909,5.63102,153.99846,45.4091,-38.92503,71.63872,685.19348,9.92694,154.76863,45.68936,21.87094,77.81416,682.96521,Fixation
1,1,1163807926,10.10975,158.39456,47.00916,-39.00378,71.52194,685.20789,8.26998,158.08035,46.89478,21.83889,77.70023,683.04541,Fixation
1,1,1163807943,10.24199,155.26768,45.87103,-39.06623,71.46159,685.47736,6.32486,153.28349,45.1488,21.80359,77.61034,682.87915,Fixation
1,1,1163807959,7.64854,157.47395,46.67404,-39.0732,71.33849,685.35278,7.03501,152.90042,45.00945,21.7498,77.49504,682.63794,Fixation
1,1,1163807976,5.74537,158.17039,46.92752,-39.09075,71.26656,685.38361,9.48279,155.36818,45.90764,21.71499,77.43037,682.61505,Fixation
1,1,1163807993,6.29112,156.99184,46.49856,-39.09729,71.25686,685.4104,8.44672,159.05702,47.25025,21.70329,77.4249,682.60303,Fixation
1,1,1163808009,7.32693,159.55547,47.43166,-39.08274,71.2993,685.36755,6.7402,153.38489,45.18575,21.73422,77.4977,682.62634,Fixation
1,1,1163808026,10.71552,154.70789,45.6673,-39.05952,71.46274,685.42688,7.47415,156.40532,46.28506,21.81433,77.64879,682.94312,Fixation
1,1,1163808043,6.77351,154.65878,45.64939,-38.93079,71.61055,685.29407,8.52157,157.31367,46.61571,21.86498,77.80676,682.92639,Fixation
1,1,1163808059,10.32742,156.40123,46.28364,-38.84788,71.72393,685.30737,6.34183,156.63382,46.36823,22.00397,77.90318,682.9173,Fixation
1,1,1163808076,8.2872,156.18211,46.20387,-38.69638,71.85246,685.31055,10.33633,156.66122,46.37825,22.1043,77.99823,682.94849,Fixation
1,1,1163808093,9.66634,154.22325,45.4909,-38.61444,71.92401,685.54645,7.75585,156.03857,46.15161,22.25965,78.04048,683.0166,Fixation
1,1,1163808109,6.84884,154.65134,45.64667,-38.43253,71.88441,685.29425,9.35817,156.03459,46.15019,22.35586,77.96921,682.86792,Fixation
1,1,1163808126,9.20958,153.68382,45.29458,-38.36649,71.88094,685.54718,7.76176,160.58878,47.80779,22.50869,77.93355,683.20532,Fixation
1,1,1163808143,6.54056,159.51741,47.4178,-38.22602,71.82156,685.66748,8.19195,155.49158,45.95253,22.58624,77.88251,683.20081,Fixation
1,1,1163808159,12.56604,157.56027,46.70545,-38.15129,71.72895,685.47394,6.32766,155.81683,46.07091,22.71724,77.79233,683.16541,Fixation
1,1,1163808176,8.94143,153.76006,45.32232,-38.02457,71.71248,685.67175,12.8053,157.16501,46.56161,22.76672,77.68481,683.07202,Fixation
1,1,1163808193,9.28133,156.98877,46.49746,-37.96736,71.69024,685.68976,6.96749,158.50398,47.04894,22.87422,77.6786,683.30927,Fixation
1,1,1163808209,12.60356,154.69698,45.66332,-37.94433,71.70576,685.849,6.03064,158.76144,47.14263,22.94078,77.67589,683.2793,Fixation
1,1,1163808226,10.60158,155.87859,46.09339,-37.9342,71.74397,685.87915,7.26732,158.40643,47.01344,22.957,77.71011,683.31726,Fixation
1,1,1163808243,12.4708,156.0394,46.15191,-37.91962,71.78175,685.58997,6.6309,155.18831,45.84218,22.93759,77.81788,683.21521,Fixation
1,1,1163808259,11.78819,157.1978,46.57354,-37.95055,71.95092,685.72046,5.60397,156.44365,46.29904,22.91941,77.95519,683.43622,Fixation
1,1,1163808276,8.37169,157.94313,46.84486,-37.96107,72.08806,685.73694,6.4579,156.26968,46.23574,22.87324,78.10925,683.36133,Fixation
1,1,1163808293,7.54059,156.20586,46.21252,-37.96982,72.17473,685.5885,8.39466,157.35776,46.63176,22.8212,78.169,683.19727,Fixation
1,1,1163808309,7.64827,156.77731,46.42054,-37.99734,72.21271,685.8324,11.88899,156.80307,46.42988,22.79037,78.18815,683.08301,Fixation
1,1,1163808326,1.85705,154.56064,45.6137,-38.10322,72.20757,685.90997,1.13446,156.07239,46.16393,22.7457,78.17476,683.26648,Fixation
1,1,1163808343,5.13689,156.63399,46.36833,-38.13595,72.16124,685.82532,2.66951,156.86783,46.45344,22.73533,78.13286,683.21606,Fixation
1,1,1163808359,4.49572,154.82802,45.71102,-38.14418,72.06526,685.69067,1.9296,153.83308,45.34887,22.71241,78.06694,683.08832,Fixation
1,1,1163808376,5.27751,154.79227,45.69798,-38.16387,71.96503,685.64221,4.0899,155.92793,46.11132,22.70601,77.98926,683.34753,Fixation
1,1,1163808393,3.58987,154.5867,45.62316,-38.17529,71.94822,685.88678,1.02571,156.84784,46.44621,22.70632,77.92532,683.36096,Fixation
1,1,1163808409,4.34793,154.46739,45.57975,-38.15792,71.8795,685.80603,0.60236,154.51456,45.59689,22.71208,77.87568,683.17859,Fixation
1,1,1163808426,3.71667,156.42355,46.29175,-38.13253,71.82196,685.7334,3.62811,154.75935,45.68602,22.72056,77.84007,683.07507,Fixation
1,1,1163808443,3.77663,156.30379,46.24816,-38.09747,71.8287,685.82935,3.63929,155.18369,45.8405,22.74043,77.85156,683.15204,Fixation
1,1,1163808459,2.01847,155.36578,45.90675,-38.04616,71.87008,685.78113,7.78495,154.29289,45.51622,22.75891,77.88208,683.13721,Fixation
1,1,1163808476,2.43283,152.7251,44.94559,-37.96423,71.91104,685.58533,5.24146,155.02693,45.78345,22.85608,77.90688,683.14325,Fixation
1,1,1163808493,31.73013,129.93698,36.6514,-37.53552,71.74529,685.78375,34.82556,123.53858,34.32259,23.13889,77.75492,683.14966,Fixation
1,1,1163808509,67.50664,97.65962,24.90341,-37.07124,71.63402,685.74243,68.06797,92.43266,23.00102,23.4289,77.60984,683.36157,Fixation
1,1,1163808526,97.3716,84.8729,20.24943,-36.67405,71.52301,685.59705,98.522,77.45857,17.55087,23.71119,77.5224,683.27643,Fixation
1,1,1163808543,109.48889,85.90148,20.62387,-36.50912,71.53348,685.47198,112.11315,85.94164,20.63842,23.96426,77.57883,683.50427,Fixation
1,1,1163808559,107.54738,85.66537,20.53786,-36.4458,71.46298,685.37738,108.36701,86.4064,20.80756,24.10099,77.45447,683.2489,Fixation
1,1,1163808576,108.54494,83.37354,19.70378,-36.37888,71.38089,685.55005,109.21614,83.88155,19.88862,24.1923,77.34468,683.13806,Fixation
1,1,1163808593,113.91379,84.74031,20.20114,-36.33176,71.23798,685.40417,107.35235,85.07004,20.32123,24.32063,77.19842,683.11688,Fixation
1,1,1163808609,111.62151,82.17341,19.26691,-36.257,71.10664,685.16107,112.31453,79.85941,18.42466,24.37249,77.10719,683.06104,Fixation
1,1,1163808626,109.20657,86.72029,20.92179,-36.22081,70.99683,684.90698,110.22251,84.81326,20.22774,24.42126,77.01209,682.88916,Fixation
1,1,1163808643,109.69553,88.60806,21.60894,-36.22081,70.94958,684.71277,109.32572,83.66055,19.80816,24.44725,76.98146,682.84882,Fixation
1,1,1163808659,109.58117,87.43589,21.18233,-36.26266,70.96057,684.82324,110.69093,83.94752,19.9126,24.41898,76.97359,682.70984,Fixation
1,1,1163808676,110.87653,91.32307,22.59711,-36.32736,71.02975,685.23212,112.32669,83.22638,19.65013,24.37976,77.01667,682.67401,Fixation
1,1,1163808693,109.9212,82.95004,19.54956,-36.37936,71.10101,685.06671,116.33814,82.97256,19.55777,24.32835,77.14251,682.8576,Fixation
1,1,1163808710,110.65993,82.58453,19.41656,-36.43717,71.11713,684.64734,108.78398,86.82773,20.96096,24.2828,77.16694,682.70599,Fixation
1,1,1163808726,111.27614,84.25629,20.02504,-36.56091,71.23087,685.32489,108.25311,79.82738,18.41299,24.17021,77.23502,682.61157,Fixation
1,1,1163808743,108.40994,88.673,21.6326,-36.62244,71.21973,685.07043,110.3691,79.19696,18.18356,24.0961,77.35542,682.92688,Fixation
1,1,1163808760,109.19855,85.09647,20.33081,-36.72887,71.22136,684.95105,108.58086,86.8731,20.97746,24.00913,77.32674,682.59741,Fixation
1,1,1163808776,109.63319,88.0798,21.41667,-36.82148,71.25492,685.50342,112.26669,79.47746,18.28566,23.89966,77.3369,682.83752,Fixation
1,1,1163808793,110.15942,83.52189,19.75771,-36.86678,71.16002,685.06415,109.47577,81.2524,18.93165,23.85052,77.26175,682.95752,Fixation
1,1,1163808810,109.1311,82.40651,19.35172,-36.94772,71.09564,685.23602,105.20847,86.32944,20.77961,23.78158,77.19139,682.93652,Fixation
1,1,1163808826,110.63859,87.80159,21.31536,-36.99834,71.04385,685.33636,107.30489,80.89251,18.8007,23.7165,77.1666,683.00562,Fixation
1,1,1163808843,112.87608,87.57686,21.23359,-37.03154,71.03902,685.46381,111.1035,82.95335,19.55074,23.67992,77.15661,683.08643,Fixation
1,1,1163808860,112.14143,88.41177,21.53745,-37.05135,71.04868,685.59235,112.62566,81.48756,19.01731,23.66207,77.16308,683.21533,Fixation
1,1,1163808876,108.67899,88.51897,21.57651,-37.07632,71.08243,685.60138,107.84282,81.74911,19.11244,23.64185,77.18178,683.16547,Fixation
1,1,1163808893,108.16663,84.63528,20.16298,-37.10763,71.16068,685.5033,108.22029,87.12959,21.07078,23.62906,77.21404,683.21863,Fixation
1,1,1163808910,109.12737,82.59373,19.41987,-37.13807,71.20062,685.32117,108.37545,87.61107,21.24604,23.58863,77.28478,683.3382,Fixation
1,1,1163808926,79.92268,105.65989,27.81529,-37.4442,71.4832,685.49445,80.84771,105.77783,27.85821,23.2282,77.54278,683.1825,Fixation
1,1,1163808943,26.32935,131.23242,37.12291,-37.84537,71.90041,685.7038,38.72468,139.25488,40.04284,22.65947,77.94278,683.18256,Fixation
1,1,1163808960,8.72072,144.86633,42.08527,-38.11653,72.04472,685.7749,18.78785,144.9015,42.09801,22.31224,78.10875,683.07697,Fixation
1,1,1163808976,13.34545,144.72014,42.03205,-38.16456,71.97192,685.49719,20.22844,146.26726,42.59515,22.3293,78.10057,683.06323,Fixation
1,1,1163808993,11.68459,146.25002,42.58887,-38.19016,71.95795,685.58789,17.71277,144.29469,41.87718,22.32618,78.07526,683.01196,Fixation
1,1,1163809010,9.79535,141.94327,41.02135,-38.19727,71.92534,685.46924,18.29388,143.14471,41.45863,22.34105,78.0196,682.93207,Fixation
1,1,1163809026,10.50511,144.84096,42.07602,-38.21465,71.87682,685.54041,18.56137,145.59631,42.35093,22.34251,77.91289,682.67603,Fixation
1,1,1163809043,10.61136,148.36102,43.3572,-38.21795,71.80377,685.67053,14.62132,146.55537,42.70002,22.37642,77.86523,682.75055,Fixation
1,1,1163809060,9.72603,147.1219,42.90623,-38.19704,71.74633,685.65118,12.91729,147.72725,43.12654,22.43542,77.84027,682.83612,Fixation
1,1,1163809076,11.01602,146.48672,42.67505,-38.18456,71.71844,685.53687,15.28989,146.95256,42.84456,22.4734,77.81188,682.79565,Fixation
1,1,1163809093,14.29859,144.61624,41.99423,-38.17812,71.71972,685.60217,15.47087,143.71651,41.66676,22.50019,77.81851,682.97375,Fixation
1,1,1163809110,15.25168,143.77199,41.68697,-38.17164,71.72355,685.62903,15.80976,146.52924,42.69046,22.51157,77.8253,682.99866,Fixation
1,1,1163809126,14.41374,145.8791,42.45389,-38.18057,71.71922,685.56311,16.73061,147.10693,42.90076,22.50331,77.83331,682.96082,Fixation
1,1,1163809143,10.64332,144.19498,41.84093,-38.18979,71.7198,685.56232,14.53553,146.37573,42.63463,22.47876,77.82758,682.85919,Fixation
1,1,1163809160,10.57209,148.74532,43.49708,-38.22759,71.7531,685.7655,12.43149,147.06474,42.88541,22.41983,77.83983,682.82495,Fixation
1,1,1163809176,11.32553,147.82002,43.16032,-38.29467,71.8073,685.79333,16.43414,149.80716,43.88355,22.34,77.87701,682.80518,Fixation
1,1,1163809193,12.95816,149.30441,43.70058,-38.3526,71.86472,685.78387,16.5626,148.98334,43.58377,22.31202,77.93671,682.94836,Fixation
1,1,1163809210,4.64522,152.93512,45.02206,-38.41139,71.95033,685.58734,7.60668,153.72606,45.30996,22.22896,78.0651,682.96716,Fixation
1,1,1163809226,3.42805,155.58324,45.98589,-38.41961,71.97469,685.58386,9.49286,154.16197,45.46861,22.15828,78.12065,683.15259,Fixation
1,1,1163809243,4.94992,155.42465,45.92813,-38.4237,71.97813,685.62256,7.59059,151.81641,44.61488,22.18258,78.11824,683.18903,Fixation
1,1,1163809260,5.38486,155.23891,45.86055,-38.41551,71.96069,685.57294,8.13657,153.4342,45.20373,22.20996,78.10144,683.20074,Fixation
1,1,1163809276,5.87561,153.311,45.1589,-38.40944,71.96242,685.74353,5.50454,150.02814,43.96402,22.24385,78.04949,683.06921,Fixation
1,1,1163809293,6.72863,154.21649,45.48846,-38.38663,71.96986,685.96667,8.18513,153.96419,45.39661,22.2795,78.02341,683.20862,Fixation
1,1,1163809310,4.91851,152.26128,44.77678,-38.34372,71.98288,686.05133,9.04409,152.9299,45.02015,22.30828,77.98825,683.1554,Fixation
1,1,1163809326,3.79084,152.23422,44.76692,-38.29264,72.00641,686.11023,12.23192,156.17819,46.20243,22.33558,77.98792,683.11444,Fixation
1,1,1163809343,3.71664,154.21501,45.48789,-38.25556,72.01759,686.06226,7.18298,151.85243,44.62799,22.38079,78.02328,683.15021,Fixation
1,1,1163809360,1.88436,157.05934,46.52317,-38.2328,72.0257,685.97205,6.62267,152.16283,44.741,22.42525,78.06424,683.22461,Fixation
1,1,1163809376,11.07445,156.41609,46.28901,-38.16036,72.08026,685.8183,15.08765,153.95068,45.39172,22.50735,78.09445,683.08923,Fixation
1,1,1163809393,17.18183,152.54135,44.87874,-38.01331,72.15492,685.76288,22.12561,154.49339,45.58922,22.59064,78.15232,683.34167,Fixation
1,1,1163809410,17.42177,153.4203,45.19863,-38.00017,72.18872,685.78088,22.00191,157.72212,46.7644,22.61654,78.17233,683.36676,Fixation
1,1,1163809426,16.65348,155.96385,46.12441,-37.99391,72.214,685.85992,21.4839,154.25813,45.50358,22.63736,78.21056,683.36536,Fixation
1,1,1163809443,17.71532,158.90143,47.19363,-37.99261,72.23725,685.89716,19.73909,154.28334,45.51279,22.65182,78.24623,683.28625,Fixation
1,1,1163809460,18.86549,157.41489,46.65256,-37.98438,72.24448,685.83038,20.58916,155.64876,46.0097,22.67967,78.27595,683.33563,Fixation
1,1,1163809476,21.65687,158.34909,46.99258,-37.96405,72.23812,685.75476,19.22531,154.10881,45.44929,22.7127,78.28217,683.39832,Fixation
1,1,1163809493,20.56376,159.27654,47.33015,-37.9438,72.21323,685.70801,20.20395,156.01584,46.14334,22.73946,78.24156,683.38367,Fixation
1,1,1163809510,22.71895,158.40205,47.01186,-37.93961,72.22942,686.06183,23.04946,156.91226,46.46961,22.75042,78.16479,683.22723,Fixation
1,1,1163809526,23.27967,156.92599,46.47461,-37.92505,72.22871,686.32318,24.83896,154.92549,45.74646,22.75663,78.12911,683.18823,Fixation
1,1,1163809543,19.66938,155.14201,45.82528,-37.90123,72.17496,686.25714,22.91579,155.10051,45.8102,22.77523,78.1225,683.42053,Fixation
1,1,1163809560,27.87026,160.55209,47.79438,-37.80189,72.12296,686.15039,30.38858,156.51231,46.32405,22.84689,78.12217,683.5957,Fixation
1,1,1163809576,27.29076,156.45226,46.30217,-37.81038,72.0965,686.25476,31.20769,156.03879,46.15167,22.849,78.11351,683.62219,Fixation
1,1,1163809593,26.55544,157.38846,46.64293,-37.84756,72.11881,686.30304,32.05718,153.49033,45.22411,22.80802,78.12753,683.55914,Fixation
1,1,1163809610,29.4806,156.21404,46.21548,-37.9016,72.16957,686.33582,33.71577,157.13303,46.54996,22.76532,78.12917,683.30444,Fixation
1,1,1163809626,30.70151,154.35524,45.53897,-37.94022,72.20804,686.20374,31.93036,159.0674,47.25402,22.74614,78.15015,683.25342,Fixation
1,1,1163809643,29.96758,156.67773,46.38428,-37.95253,72.21773,685.95532,30.10793,157.61105,46.72396,22.74507,78.22386,683.43451,Fixation
1,1,1163809660,28.12754,160.02321,47.60193,-37.94287,72.22588,685.77258,28.9352,151.66493,44.5597,22.73791,78.27329,683.26758,Fixation
1,1,1163809676,27.63095,156.481,46.31265,-37.92864,72.27831,685.87573,32.20949,152.97285,45.03578,22.75161,78.30849,683.25323,Fixation
1,1,1163809693,28.88611,159.15677,47.28654,-37.90057,72.31308,686.1272,32.74008,153.33894,45.16903,22.78167,78.30222,683.34143,Fixation
1,1,1163809710,25.87444,158.19669,46.93711,-37.83674,72.2991,686.29321,31.38137,155.53285,45.96753,22.83281,78.23764,683.27393,Fixation
1,1,1163809726,28.42259,156.21074,46.21431,-37.75756,72.21071,685.82306,28.20992,157.49806,46.6828,22.94281,78.19473,683.57715,Fixation
1,1,1163809743,31.67351,156.25984,46.23218,-37.70985,72.20295,685.93188,34.72266,155.10814,45.81298,22.98336,78.1174,683.26318,Fixation
1,1,1163809760,27.07352,153.01997,45.05294,-37.59486,72.18665,685.98425,30.26117,152.85446,44.9927,23.0877,78.0885,683.51489,Fixation
1,1,1163809776,30.18037,153.20331,45.11967,-37.51717,72.16713,685.875,30.95209,153.66347,45.2872,23.18377,78.03465,683.43054,Fixation
1,1,1163809793,31.17482,155.86279,46.08765,-37.46638,72.19393,686.09045,31.46793,154.70552,45.6664,23.23498,78.00301,683.24646,Fixation
1,1,1163809810,31.74715,184.68231,56.57711,-37.25736,72.45686,685.90778,37.91452,179.14706,54.56242,23.29751,78.36427,683.83667,Fixation
1,1,1163809826,31.95192,214.32614,67.36658,-37.03924,72.9544,686.19312,38.29293,216.87244,68.29334,23.278,78.69313,683.68127,Fixation
1,1,1163809843,32.22867,244.13901,78.21757,-36.88733,73.34746,686.54919,42.60642,247.72305,79.52206,23.3041,79.03507,684.13269,Fixation
1,1,1163809860,32.62597,246.35025,79.02236,-36.88743,73.43272,686.73499,40.82125,245.74663,78.80267,23.40901,79.06504,683.99524,Fixation
1,1,1163809876,31.52802,249.06694,80.01116,-36.88063,73.42892,686.68317,42.66528,245.34795,78.65754,23.47245,79.04478,683.91351,Fixation
1,1,1163809893,35.2981,248.79388,79.91178,-36.85081,73.41556,686.51758,40.9031,248.49911,79.80456,23.55732,79.08653,684.19226,Fixation
1,1,1163809910,35.41259,248.34883,79.74979,-36.82275,73.3925,686.40344,40.99629,246.03201,78.90659,23.6325,79.02692,683.94092,Fixation
1,1,1163809926,37.13081,249.27214,80.08588,-36.79963,73.39286,686.625,41.40716,248.04135,79.63786,23.69148,78.9463,683.72906,Fixation
1,1,1163809943,35.33581,247.48373,79.43496,-36.7485,73.34686,686.56372,41.98191,252.41772,81.23079,23.76888,78.91975,683.98206,Fixation
1,1,1163809960,35.29915,249.51254,80.17339,-36.68617,73.29282,686.51941,40.17379,248.32999,79.74295,23.84825,78.86887,684.04211,Fixation
1,1,1163809976,36.20392,251.09491,80.74927,-36.64649,73.2489,686.60535,42.02865,245.67619,78.77708,23.89243,78.77971,683.79297,Fixation
1,1,1163809993,35.27915,251.97733,81.07049,-36.59708,73.20662,686.41644,40.43145,248.63237,79.85301,23.94515,78.72945,683.69855,Fixation
1,1,1163810010,37.4634,251.75034,80.98786,-36.57061,73.1998,686.36804,42.20427,248.41524,79.77395,24.00365,78.74721,684.03125,Fixation
1,1,1163810026,36.82338,251.29807,80.82323,-36.55251,73.22565,686.52637,42.29534,249.98004,80.34352,24.03968,78.76382,684.21039,Fixation
1,1,1163810043,35.17548,250.93257,80.69022,-36.53276,73.24114,686.47528,40.64671,249.1212,80.03094,24.05786,78.77559,684.20825,Fixation
1,1,1163810060,35.45323,250.1104,80.39095,-36.53271,73.28651,686.49902,40.32409,246.68517,79.14429,24.05962,78.80324,684.18225,Fixation
1,1,1163810076,37.77918,247.84679,79.56707,-36.55529,73.34965,686.58618,40.48411,247.03249,79.27068,24.0585,78.84639,684.19446,Fixation
1,1,1163810093,37.04889,245.91689,78.86462,-36.57378,73.38643,686.58728,40.59946,248.59036,79.83772,24.04577,78.88534,684.20813,Fixation
1,1,1163810110,36.83781,248.17992,79.68829,-36.58125,73.3877,686.43134,40.95275,250.69347,80.60317,24.02654,78.91714,684.27429,Fixation
1,1,1163810126,36.08729,248.09265,79.65655,-36.59171,73.38746,686.4046,40.57304,249.65559,80.22542,24.00271,78.91774,684.22522,Fixation
1,1,1163810143,35.38408,247.80066,79.55028,-36.60377,73.37772,686.40222,43.28895,247.84555,79.56663,23.97642,78.88802,684.07166,Fixation
1,1,1163810160,35.27527,245.90685,78.86098,-36.632,73.33391,686.44714,42.71899,247.06908,79.28403,23.93098,78.81989,683.84125,Fixation
1,1,1163810176,20.84248,246.07645,78.92269,-36.78105,73.22652,686.53967,30.87816,245.81525,78.82766,23.79222,78.79015,684.12329,Fixation
1,1,1163810193,16.48057,243.31842,77.9189,-36.83453,73.1462,686.33618,22.22056,244.21034,78.24355,23.72316,78.67862,683.7016,Fixation
1,1,1163810210,16.26604,241.87878,77.3949,-36.85251,73.13405,686.50122,24.36995,244.44925,78.33046,23.71831,78.66264,683.83136,Fixation
1,1,1163810226,16.02643,244.12997,78.21429,-36.87513,73.10529,686.53625,23.31487,246.00056,78.89512,23.6969,78.64479,683.81934,Fixation
1,1,1163810243,18.86814,242.14189,77.49067,-36.89504,73.09998,686.52081,22.33837,244.98128,78.5241,23.67806,78.64166,683.74384,Fixation
1,1,1163810260,15.20867,244.32639,78.28577,-36.92849,73.11848,686.59619,24.08817,245.08447,78.56165,23.66049,78.68289,683.91284,Fixation
1,1,1163810276,18.56778,242.12624,77.48494,-36.98019,73.15534,686.78668,22.82146,246.74596,79.1664,23.63982,78.74243,684.19922,Fixation
1,1,1163810293,18.49753,244.30153,78.27671,-37.0392,73.18108,686.84491,22.80054,242.9529,77.78586,23.58494,78.77184,684.1123,Fixation
1,1,1163810310,16.84571,241.11435,77.11668,-37.06235,73.16172,686.56934,21.29631,242.38861,77.58045,23.50437,78.78958,683.93713,Fixation
1,1,1163810326,15.95968,241.53966,77.27145,-37.23467,73.16028,686.82166,20.8909,239.97588,76.7023,23.37905,78.83792,684.24304,Fixation
1,1,1163810343,-18.60309,221.50291,69.97868,-37.67882,73.00542,687.08655,-10.66479,224.91272,71.21976,22.92662,78.72449,684.31421,Fixation
1,1,1163810360,-56.5891,201.44568,62.67847,-38.12165,72.74794,686.992,-44.17828,205.67699,64.21852,22.37928,78.48004,683.73071,Fixation
1,1,1163810376,-74.4275,177.72392,54.04443,-38.4189,72.48206,687.02991,-65.122,185.37047,56.82759,22.00362,78.28111,683.92419,Fixation
1,1,1163810393,-63.75698,171.59821,51.81487,-38.53735,72.34399,686.90448,-55.10055,173.23706,52.41135,21.86141,78.14392,683.40405,Fixation
1,1,1163810410,-68.84586,173.3295,52.44496,-38.68153,72.26582,686.73914,-62.23846,174.30292,52.79929,21.79419,78.14259,683.64185,Fixation
1,1,1163810426,-66.85247,174.01173,52.6933,-38.82394,72.22935,687.0871,-61.80347,175.68423,53.30207,21.66362,78.09769,683.61096,Fixation
1,1,1163810443,-68.26624,170.54697,51.43223,-38.91447,72.1393,686.92371,-67.14289,176.88425,53.73882,21.60303,78.03221,683.58997,Fixation
1,1,1163810460,-64.01083,171.01314,51.6019,-39.0397,72.14297,687.25,-63.65476,175.53654,53.24827,21.54942,78.05107,683.96826,Fixation
1,1,1163810476,-66.54721,170.75819,51.50911,-39.08715,72.12025,687.26813,-61.25348,174.45975,52.8564,21.47106,78.00266,683.70044,Fixation
1,1,1163810493,-69.43928,171.4603,51.76468,-39.11797,72.07151,686.93457,-59.56934,176.04724,53.43415,21.40602,77.96867,683.33142,Fixation
1,1,1163810510,-66.77534,170.42619,51.38832,-39.18199,72.1041,687.0061,-64.15353,174.59808,52.90672,21.39566,78.06497,683.62878,Fixation
1,1,1163810526,-68.85365,165.91266,49.74546,-39.287,72.13421,687.50409,-68.93408,171.49736,51.77817,21.31885,78.10773,684.07391,Fixation
1,1,1163810543,-83.75839,157.77058,46.78203,-39.37647,72.01212,687.53284,-81.07359,155.67709,46.02006,21.12605,78.0444,684.24152,Fixation
1,1,1163810560,-83.16815,155.75742,46.04929,-39.44576,71.97816,687.36633,-81.02591,153.34531,45.17133,21.09945,78.06339,684.50232,Fixation
1,1,1163810576,-82.40729,152.3054,44.79289,-39.48492,71.96057,687.21906,-82.17235,155.48819,45.95127,21.08356,78.05724,684.50317,Fixation
1,1,1163810593,-79.43214,152.14931,44.73606,-39.50926,71.95232,687.30872,-81.59556,154.40103,45.55562,21.07524,78.0349,684.46521,Fixation
1,1,1163810610,-82.07768,151.02783,44.32787,-39.5221,71.953,687.46545,-82.60233,155.27559,45.87391,21.08675,77.98914,684.33435,Fixation
1,1,1163810626,-78.65332,150.34526,44.07944,-39.51367,71.95367,687.60992,-82.84323,155.35393,45.90244,21.11893,77.93527,684.22894,Fixation
1,1,1163810643,-81.80391,152.81154,44.97706,-39.45916,71.9427,687.5509,-83.18512,155.83415,46.07724,21.15176,77.86683,683.86462,Fixation
1,1,1163810660,-82.60503,150.67378,44.19901,-39.38603,71.93728,687.46887,-81.5907,155.34698,45.89993,21.19033,77.85573,683.81018,Fixation
1,1,1163810676,-87.54887,150.12698,44.00002,-39.33854,71.95767,687.56812,-82.93214,155.77562,46.05593,21.26702,77.90894,684.2583,Fixation
1,1,1163810693,-82.281,150.33716,44.07648,-39.32294,71.9602,687.5838,-84.93842,154.15271,45.46524,21.33717,77.91595,684.33154,Fixation
1,1,1163810710,-80.81671,153.33546,45.16777,-39.28201,71.95522,687.50861,-82.34711,157.08852,46.53376,21.38187,77.85449,683.90308,Fixation
1,1,1163810726,-84.55354,152.11897,44.72502,-39.18764,71.95441,687.48108,-81.85612,153.16399,45.10535,21.42878,77.84438,683.82007,Fixation
1,1,1163810743,-63.41636,152.73701,44.94996,-38.88042,71.97495,687.61163,-56.9591,146.42053,42.65097,21.75659,77.87991,684.49817,Fixation
1,1,1163810760,-18.21811,155.38522,45.9138,-38.31182,72.01373,687.28345,-8.41279,151.77565,44.60007,22.26514,77.91026,684.56769,Fixation
1,1,1163810776,2.57454,152.15529,44.7382,-37.9781,72.07143,687.4397,9.42969,151.60123,44.53654,22.53471,77.83413,683.94067,Fixation
1,1,1163810793,3.78989,149.60435,43.80975,-37.94794,72.09502,687.51001,5.55778,154.73308,45.67644,22.65061,77.89277,684.52893,Fixation
1,1,1163810810,5.3519,151.442,44.47858,-37.87358,72.08562,687.32434,5.98159,153.74083,45.31534,22.72398,77.8584,684.35651,Fixation
1,1,1163810826,4.58591,149.88487,43.91185,-37.78789,72.06059,687.04541,5.1195,152.23538,44.76738,22.79546,77.7822,683.90955,Fixation
1,1,1163810843,2.73522,150.88338,44.27528,-37.74494,72.10527,687.3269,5.48975,154.50119,45.59207,22.91568,77.89467,684.8996,Fixation
1,1,1163810860,7.50012,149.02144,43.59761,-37.71397,72.13864,687.49042,7.10359,152.65623,44.92053,22.95403,77.80281,684.17133,Fixation
1,1,1163810876,7.92183,151.13858,44.36814,-37.64225,72.10628,687.12,7.59573,152.34167,44.80606,23.02092,77.76848,683.97205,Fixation
1,1,1163810893,4.68201,148.82858,43.5274,-37.57244,72.07672,686.83911,4.25515,152.26735,44.77903,23.10721,77.847,684.62714,Fixation
1,1,1163810910,4.22171,153.16489,45.10571,-37.53644,72.09214,686.94824,6.23219,153.41896,45.1982,23.14613,77.88893,684.92261,Fixation
1,1,1163810926,2.57505,151.70383,44.57389,-37.52645,72.13158,687.2384,7.16578,151.37851,44.4555,23.1595,77.8757,684.80469,Fixation
1,1,1163810943,4.24289,153.10564,45.08412,-37.50856,72.20672,687.78027,10.37755,151.75317,44.59185,23.19475,77.79045,684.12817,Fixation
1,1,1163810960,50.14757,143.49902,41.58764,-37.05653,72.20645,687.87268,49.73861,137.24048,39.3097,23.56637,77.84221,684.8407,Fixation
1,1,1163810976,74.43553,150.61328,44.177,-36.65096,72.14594,687.2901,79.19762,143.84892,41.71495,23.84787,77.87859,685.09357,Fixation
1,1,1163810993,79.01802,150.43054,44.11046,-36.6156,72.21411,687.81964,77.98486,142.42383,41.19626,23.91717,77.84515,684.80273,Fixation
1,1,1163811010,79.12392,150.88025,44.27418,-36.63138,72.22292,687.77795,77.85934,144.20604,41.84495,23.92585,77.85358,684.7627,Fixation
1,1,1163811026,79.88809,153.07219,45.07193,-36.63536,72.23332,687.73706,76.16253,142.1879,41.1104,23.94646,77.85581,684.72198,Fixation
1,1,1163811043,77.79083,149.18617,43.65755,-36.64207,72.24161,687.78882,77.77514,144.67717,42.01644,23.97756,77.87094,684.84979,Fixation
1,1,1163811060,80.13632,152.50052,44.86386,-36.63811,72.2318,687.78967,75.72685,146.35916,42.62854,24.00733,77.88009,684.97729,Fixation
1,1,1163811076,78.46021,150.24454,44.04279,-36.63014,72.21175,687.7522,78.50547,142.6512,41.279,24.02357,77.87897,685.0282,Fixation
1,1,1163811093,79.45643,150.51289,44.14042,-36.62072,72.1941,687.71411,79.9656,139.96065,40.2997,24.03148,77.8608,685.02808,Fixation
1,1,1163811110,78.40472,149.98918,43.94982,-36.61798,72.17642,687.66144,79.85713,140.48996,40.49237,24.03832,77.82674,685.00171,Fixation
1,1,1163811126,78.53635,145.56401,42.33924,-36.61916,72.14437,687.54114,78.64264,143.14079,41.45719,24.04679,77.77882,685.03918,Fixation
1,1,1163811143,79.49873,144.19498,41.84089,-36.62975,72.11568,687.48572,79.27373,144.89668,42.09632,24.05353,77.74621,685.10364,Fixation
1,1,1163811160,79.15643,145.54263,42.33142,-36.6391,72.09509,687.48273,78.562,145.27034,42.23228,24.05001,77.72923,685.07819,Fixation
1,1,1163811176,80.38504,146.6575,42.73718,-36.65891,72.07672,687.45496,78.68117,147.42592,43.0169,24.04164,77.71812,685.04022,Fixation
1,1,1163811193,81.73758,147.8131,43.15779,-36.67213,72.07318,687.36218,78.8791,145.04619,42.1507,24.02987,77.72544,684.94971,Fixation
1,1,1163811210,80.69848,146.28806,42.60275,-36.68137,72.08591,687.25684,78.48205,142.89891,41.36911,24.02153,77.75813,684.89868,Fixation
1,1,1163811226,81.66769,149.46414,43.75872,-36.68813,72.09756,687.20544,78.1326,139.1964,40.02161,24.01544,77.79073,684.86029,Fixation
1,1,1163811243,89.35633,157.4951,46.68176,-36.60925,72.21986,687.91254,91.88509,144.04715,41.78713,24.06503,77.89778,685.14215,Fixation
1,1,1163811260,94.5217,158.64592,47.10062,-36.54453,72.23702,687.59998,92.89397,150.92096,44.289,24.09436,77.89362,684.91925,Fixation
1,1,1163811276,94.24242,160.10156,47.63039,-36.55654,72.20435,687.58716,90.70395,149.40819,43.73835,24.10593,77.88304,684.93091,Fixation
1,1,1163811293,95.42304,158.43294,47.02309,-36.54985,72.19775,687.53577,90.80302,149.49419,43.76963,24.12829,77.84619,684.69604,Fixation
1,1,1163811310,94.89845,159.49474,47.40957,-36.52983,72.20111,687.44556,87.12734,149.97591,43.94502,24.16712,77.83276,684.61548,Fixation
1,1,1163811326,94.13151,158.28711,46.97003,-36.49906,72.21002,687.34363,86.91109,152.20372,44.75586,24.23097,77.85561,684.79236,Fixation
1,1,1163811343,94.09729,157.59155,46.71684,-36.45627,72.22647,687.32159,90.62921,149.53592,43.78487,24.27992,77.89984,685.09937,Fixation
1,1,1163811360,93.13479,156.41806,46.28978,-36.40374,72.28121,687.49792,92.8986,149.69662,43.84339,24.30513,77.90286,685.02087,Fixation
1,1,1163811376,94.05455,154.33453,45.53143,-36.36843,72.35927,687.69971,88.92764,151.97229,44.67159,24.36856,77.85688,684.63934,Fixation
1,1,1163811393,93.74464,153.19229,45.11572,-36.32261,72.38963,687.64331,87.90746,154.3343,45.53132,24.47028,77.89542,684.93054,Fixation
1,1,1163811410,93.31744,156.89526,46.46342,-36.2364,72.33278,687.10217,91.07757,149.7175,43.85094,24.52235,77.92222,685.16034,Fixation
1,1,1163811426,92.62881,158.04831,46.88312,-36.18151,72.35059,687.21289,93.10806,150.84772,44.26232,24.53379,77.90891,685.00281,Fixation
1,1,1163811443,92.79573,159.75279,47.50347,-36.15302,72.46819,687.88452,91.69783,150.91902,44.28825,24.58086,77.91551,684.80457,Fixation
1,1,1163811460,104.22235,183.83344,56.26814,-35.92855,72.72305,687.96057,102.83833,177.32283,53.89849,24.73312,78.1584,685.28827,Fixation
1,1,1163811476,108.39474,200.28015,62.25421,-35.71752,73.07577,687.91803,114.67731,203.53757,63.43985,24.7484,78.40984,685.23364,Fixation
1,1,1163811493,105.49094,238.69339,76.23556,-35.63913,73.38202,687.86426,110.53075,239.48206,76.52254,24.66454,78.78943,685.53827,Fixation
1,1,1163811510,92.0699,263.41193,85.23231,-35.71611,73.66659,688.23547,99.80206,264.90103,85.77431,24.50576,78.97856,685.87537,Fixation
1,1,1163811526,88.95261,264.31277,85.5602,-35.82678,73.66704,688.01099,95.48394,264.79568,85.73598,24.48226,78.94624,685.59009,Fixation
1,1,1163811543,86.44651,265.85934,86.12311,-35.86979,73.65103,688.30969,95.96881,268.5679,87.10897,24.51591,78.86403,685.53711,Fixation
1,1,1163811560,87.01904,267.07764,86.56656,-35.91492,73.63905,688.52936,96.38444,270.35608,87.7598,24.51448,78.80298,685.36719,Fixation
1,1,1163811576,87.94557,265.47903,85.98471,-35.94528,73.57002,688.24658,95.74081,269.47903,87.44053,24.51259,78.7556,685.25073,Fixation
1,1,1163811593,54.99001,265.47812,85.98436,-36.27406,73.53716,688.18237,67.34213,273.28287,88.82509,24.23723,78.7887,685.25787,Fixation
1,1,1163811610,10.61163,264.2164,85.52515,-36.8121,73.52961,688.11877,30.96301,267.24881,86.62887,23.76902,78.84525,684.9425,Fixation
1,1,1163811626,9.69204,266.56647,86.38047,-36.97663,73.53625,688.08655,21.99255,263.41205,85.23238,23.61493,78.89885,684.83533,Fixation
1,1,1163811643,6.52876,265.30923,85.9229,-37.02117,73.57217,688.13629,17.33224,264.08066,85.47572,23.58672,78.92325,684.78625,Fixation
1,1,1163811660,5.77766,264.38422,85.58621,-37.05389,73.57279,688.00244,15.99622,265.66946,86.05399,23.55114,78.96117,684.86633,Fixation
1,1,1163811676,5.40414,263.69116,85.33398,-37.07934,73.57689,687.95935,18.74786,265.87503,86.12881,23.52384,78.97693,684.84253,Fixation
1,1,1163811693,7.04951,263.08371,85.11284,-37.11507,73.55063,687.81042,17.92369,264.90454,85.77557,23.49711,78.96901,684.72729,Fixation
1,1,1163811710,9.78183,261.86203,84.66821,-37.16035,73.53497,687.77802,17.08852,265.12177,85.85464,23.47001,78.94798,684.6131,Fixation
1,1,1163811726,8.58077,264.18018,85.51199,-37.19487,73.54449,687.8927,16.58118,264.35617,85.57594,23.4453,78.9329,684.58826,Fixation
1,1,1163811743,8.55896,262.91995,85.05325,-37.2122,73.55389,688.00909,16.47991,261.44748,84.51729,23.43284,78.94242,684.67999,Fixation
1,1,1163811760,6.24687,260.42386,84.14479,-37.23046,73.55859,688.0603,15.58082,262.18604,84.78611,23.41953,78.95132,684.75903,Fixation
1,1,1163811776,7.41911,261.60953,84.57631,-37.24229,73.5754,688.11157,16.02139,261.76666,84.6335,23.407,78.96724,684.7865,Fixation
1,1,1163811793,9.09132,262.47437,84.89108,-37.24488,73.58696,688.1123,16.66884,262.93887,85.06015,23.40985,78.99622,684.85095,Fixation
1,1,1163811810,10.65158,264.66425,85.68815,-37.2327,73.59749,688.03564,15.8639,263.19305,85.15268,23.4195,79.02524,684.90179,Fixation
1,1,1163811826,7.74747,264.01099,85.45036,-37.20262,73.63009,688.09143,15.85809,262.71301,84.97794,23.43416,79.03796,684.90063,Fixation
1,1,1163811843,4.97421,264.28644,85.55064,-37.23402,73.65726,688.16541,14.02761,263.36325,85.21458,23.43412,79.06616,685.04321,Fixation
1,1,1163811860,-24.32612,260.58051,84.20177,-37.40725,73.70898,688.49872,-10.21741,261.40643,84.50237,23.24731,79.09401,685.2124,Fixation
1,1,1163811876,-37.28139,264.16302,85.50569,-37.52202,73.6722,688.28601,-27.09891,264.81116,85.74161,23.12958,79.12,685.3905,Fixation
1,1,1163811893,-32.79841,262.25119,84.80984,-37.49925,73.69313,688.26166,-25.38713,264.58401,85.65895,23.15978,79.13043,685.4137,Fixation
1,1,1163811910,-35.59777,260.40402,84.13751,-37.48346,73.74051,688.35449,-24.04992,262.53894,84.91455,23.1757,79.14583,685.42529,Fixation
1,1,1163811926,-31.90465,260.37781,84.12798,-37.4812,73.78851,688.44672,-25.00039,263.23965,85.16964,23.1829,79.17126,685.46472,Fixation
1,1,1163811943,-32.55477,259.29285,83.73308,-37.49175,73.8167,688.49707,-23.76674,264.81375,85.74258,23.18208,79.18919,685.50354,Fixation
1,1,1163811960,-33.42847,260.94028,84.33274,-37.50219,73.81633,688.4173,-22.71859,262.87033,85.0352,23.17286,79.19351,685.49103,Fixation
1,1,1163811976,-53.60871,256.45718,82.70104,-37.70757,73.80697,688.89294,-43.9546,262.71661,84.97926,22.95219,79.13905,685.35046,Fixation
1,1,1163811993,-94.35126,263.37018,85.21711,-38.06856,73.70411,688.73566,-81.88023,264.92972,85.78478,22.48593,79.08324,685.1485,Fixation
1,1,1163812010,-99.0752,263.01886,85.08928,-38.25391,73.71998,689.09412,-87.35621,263.35187,85.21046,22.28454,79.09621,685.17548,Fixation
1,1,1163812026,-101.93787,263.37213,85.21783,-38.30791,73.71669,689.10223,-91.41512,263.8811,85.40308,22.26535,79.11391,685.35864,Fixation
1,1,1163812043,-99.58704,263.90796,85.4129,-38.37984,73.68158,688.85535,-94.10918,264.08707,85.47808,22.20406,79.1628,685.66132,Fixation
1,1,1163812060,-100.68129,259.98459,83.98491,-38.46654,73.69539,688.85669,-90.19068,262.74887,84.99097,22.09192,79.13347,685.31744,Fixation
1,1,1163812076,-101.79993,263.34958,85.20961,-38.60881,73.74947,689.42139,-94.23041,262.98053,85.07525,21.99465,79.17467,685.57214,Fixation
1,1,1163812093,-142.99529,256.85947,82.84745,-38.99485,73.7109,690.1842,-133.239,259.56281,83.83138,21.47181,79.12496,685.68396,Fixation
1,1,1163812110,-181.11444,256.43576,82.69324,-39.32566,73.68058,691.56134,-172.50484,255.96005,82.52007,20.97714,79.06649,685.81958,Fixation
1,1,1163812126,-190.10004,257.18243,82.96498,-39.50853,73.58253,690.71289,-174.24564,252.65527,81.3172,20.82553,79.1115,686.21954,Fixation
1,1,1163812143,-189.95497,254.47708,81.98034,-39.55516,73.5218,690.15143,-179.42293,250.62901,80.57973,20.76813,79.06735,685.85938,Fixation
1,1,1163812160,-189.28372,255.72466,82.43441,-39.60159,73.70883,691.89941,-181.86371,252.1562,81.13554,20.73219,79.03607,685.6665,Fixation
1,1,1163812176,-197.04294,253.45157,81.60703,-39.70251,73.54858,690.91412,-190.54865,250.85435,80.66174,20.6653,79.03741,686.15167,Fixation
1,1,1163812193,-236.71887,243.31712,77.91843,-39.80003,73.29064,689.80438,-221.23886,244.96692,78.51888,20.40641,78.96421,686.71509,Fixation
1,1,1163812210,-245.79773,242.6422,77.67276,-40.23083,73.46609,690.74109,-235.59648,232.4987,73.9808,20.32395,78.94849,687.19043,Fixation
1,1,1163812226,-247.47427,241.18669,77.14301,-40.20143,73.48572,690.71863,-235.49825,235.19185,74.96113,20.40451,78.96252,687.27728,Fixation
1,1,1163812243,-248.93062,240.15862,76.76881,-40.15319,73.50734,690.67151,-238.08109,231.9456,73.77952,20.44221,78.98073,687.36731,Fixation
1,1,1163812260,-246.28761,239.47426,76.51974,-40.0914,73.47447,690.30908,-234.32104,233.59804,74.38099,20.50275,78.98112,687.4527,Fixation
1,1,1163812276,-245.91713,238.27483,76.08317,-40.03588,73.45071,690.04846,-237.94434,234.22528,74.60927,20.60729,78.97618,687.39697,Fixation
1,1,1163812293,-244.79201,242.04012,77.45366,-39.97848,73.51685,690.44946,-237.92513,231.15645,73.49228,20.65932,78.9771,687.33063,Fixation
1,1,1163812310,-249.79181,238.74608,76.2547,-39.93492,73.58083,690.90735,-233.75871,233.59711,74.38062,20.71361,78.94937,687.33661,Fixation
1,1,1163812326,-245.63672,241.24649,77.16476,-39.86898,73.52791,690.38159,-235.7791,235.82057,75.18991,20.76521,78.93311,687.24084,Fixation
1,1,1163812343,-243.67186,237.39694,75.76363,-39.57195,73.44955,690.06689,-239.34586,232.46466,73.96844,20.81932,78.91626,687.1604,Fixation
1,1,1163812360,-226.34706,205.89774,64.29886,-39.45351,73.47491,692.28149,-216.38774,201.68658,62.76615,20.92239,78.658,685.83789,Fixation
1,1,1163812376,-188.1756,166.74615,50.04884,-39.20978,73.09421,690.25366,-180.81218,166.68961,50.02827,21.24616,78.35016,685.60931,Fixation
1,1,1163812393,-142.19691,140.81343,40.61011,-38.67282,72.85567,689.27222,-133.60695,138.01773,39.5926,21.73153,78.14076,685.42108,Fixation
1,1,1163812410,-101.81776,134.13188,38.17823,-38.2123,72.72443,688.41669,-92.08739,131.11253,37.07928,22.2111,78.07723,685.49408,Fixation
1,1,1163812426,-70.05728,125.15497,34.91092,-37.9717,72.75464,688.90576,-60.57233,126.71227,35.47774,22.4789,77.99526,685.30603,Fixation
1,1,1163812443,-74.8699,126.72012,35.48054,-38.02526,72.66458,688.64551,-64.40909,128.24345,36.03501,22.48598,77.9465,685.20239,Fixation
1,1,1163812460,-70.33493,124.7309,34.75651,-38.05903,72.59599,688.70795,-62.5182,127.46812,35.75285,22.49293,77.91829,685.11084,Fixation
1,1,1163812476,-71.86413,129.05864,36.33177,-38.10669,72.60386,689.02283,-64.78062,125.69164,35.10623,22.5054,77.87267,684.94092,Fixation
1,1,1163812493,-68.571,124.97048,34.84378,-38.16073,72.56133,688.77875,-65.47398,125.80099,35.14605,22.50665,77.85571,684.87512,Fixation
1,1,1163812510,-67.98449,124.12594,34.5364,-38.19672,72.47942,688.2218,-67.52343,123.60818,34.34794,22.49878,77.83838,684.8764,Fixation
1,1,1163812526,-71.16521,124.03518,34.50331,-38.21754,72.45747,688.03583,-67.42062,125.34998,34.98186,22.47751,77.84372,684.95575,Fixation
1,1,1163812543,-71.10704,123.99944,34.49036,-38.27666,72.45541,688.15942,-68.3625,123.0964,34.16168,22.44766,77.84004,684.88013,Fixation
1,1,1163812560,-67.32455,124.32611,34.60923,-38.35278,72.43281,688.12158,-68.56312,124.10201,34.52764,22.41819,77.81001,684.63525,Fixation
1,1,1163812576,-67.59791,124.93719,34.83167,-38.39449,72.39342,688.02234,-68.56326,124.73867,34.75937,22.3905,77.76201,684.35278,Fixation
1,1,1163812593,-69.188,125.08826,34.88661,-38.404,72.32994,687.79456,-66.09026,125.7616,35.13174,22.37102,77.71104,684.12097,Fixation
1,1,1163812610,-71.27999,125.83672,35.15905,-38.41302,72.27386,687.72736,-65.46748,127.67087,35.82663,22.36538,77.66959,684.06995,Fixation
1,1,1163812626,-70.92236,130.48579,36.8512,-38.4212,72.23138,687.75983,-64.71408,131.93425,37.37834,22.35775,77.60181,683.91479,Fixation
1,1,1163812643,-71.41698,125.15096,34.90946,-38.43044,72.21511,687.7998,-66.78358,130.22954,36.75788,22.35712,77.55041,683.87537,Fixation
1,1,1163812660,-70.28413,124.90829,34.82112,-38.43138,72.18326,687.7063,-66.72723,128.37907,36.08439,22.37108,77.54391,684.0564,Fixation
1,1,1163812676,-70.76072,127.15178,35.63767,-38.42608,72.17407,687.74524,-66.20532,127.54107,35.77937,22.40415,77.56957,684.33862,Fixation
1,1,1163812693,-68.35366,125.73642,35.12256,-38.41684,72.19115,687.74774,-67.18409,130.92961,37.01272,22.44932,77.59422,684.43927,Fixation
1,1,1163812710,-66.6642,125.86129,35.16796,-38.38187,72.18038,687.51605,-67.44951,128.75742,36.22208,22.48985,77.56967,684.13879,Fixation
1,1,1163812726,-49.93326,135.63135,38.72401,-38.13879,72.30107,687.60645,-42.34352,132.9138,37.73491,22.697,77.66283,684.31873,Fixation
1,1,1163812743,-30.31838,147.83318,43.16511,-37.79744,72.4285,687.46802,-20.85383,142.26161,41.13721,22.94988,77.78929,684.19739,Fixation
1,1,1163812760,-30.5748,148.64078,43.45905,-37.75855,72.50473,687.66473,-24.66319,145.82866,42.43552,22.97961,77.74014,683.67737,Fixation
1,1,1163812776,-29.10268,149.0098,43.59338,-37.75062,72.50919,687.65063,-23.12,146.50711,42.68243,23.01794,77.75287,683.7915,Fixation
1,1,1163812793,-28.16327,149.834,43.89334,-37.7509,72.53406,687.71619,-20.74122,146.04828,42.51545,23.04104,77.78337,683.97003,Fixation
1,1,1163812810,-26.73344,145.50926,42.31927,-37.74934,72.56098,687.69019,-20.67427,146.61093,42.72022,23.05736,77.81782,684.08606,Fixation
1,1,1163812826,-27.56444,147.38571,43.00224,-37.75328,72.58739,687.70435,-22.00855,147.71074,43.1205,23.05245,77.84602,684.0614,Fixation
1,1,1163812843,-27.60427,146.14735,42.55151,-37.75742,72.5909,687.74329,-21.34834,146.86205,42.81163,23.06052,77.85589,684.12573,Fixation
1,1,1163812860,-25.66246,146.55449,42.69967,-37.75216,72.57925,687.76819,-24.53457,147.83476,43.16566,23.0889,77.86618,684.36835,Fixation
1,1,1163812876,-12.25008,143.80855,41.70027,-37.51568,72.46,687.88336,-3.88675,136.5829,39.07037,23.26864,77.74495,684.12305,Fixation
1,1,1163812893,40.59435,109.29656,29.13896,-36.83065,72.23308,687.96484,46.97988,106.87769,28.25855,23.67461,77.39012,684.24927,Fixation
1,1,1163812910,93.90469,83.84477,19.87525,-36.15894,72.022,688.18896,91.86473,72.99164,15.92501,24.10507,77.19109,684.82825,Fixation
1,1,1163812926,141.33311,40.38305,4.05644,-35.56074,71.88948,688.20026,132.97591,38.02617,3.19862,24.51687,77.01928,685.27783,Fixation
1,1,1163812943,184.06206,9.00949,-7.3626,-35.04039,71.79764,688.38159,171.29121,7.51448,-7.90672,24.8124,76.88573,685.47766,Fixation
1,1,1163812960,232.291,-13.86015,-15.68651,-34.58781,71.60736,688.60254,196.46278,-24.79627,-19.66686,25.11192,76.79059,685.88403,Fixation
1,1,1163812976,266.5549,-45.53165,-27.21396,-34.2271,71.47955,688.79785,225.44727,-52.07663,-29.5961,25.33347,76.65734,686.245,Fixation
0,1,1163812993,,,,,,,258.37521,-65.69035,-34.55107,25.49833,76.76978,688.31622,Fixation
0,0,1163813010,,,,,,,,,,,,,EyesNotFound
0,0,1163813026,,,,,,,,,,,,,EyesNotFound
0,0,1163813043,,,,,,,,,,,,,EyesNotFound
0,0,1163813060,,,,,,,,,,,,,EyesNotFound
0,0,1163813076,,,,,,,,,,,,,EyesNotFound
0,0,1163813093,,,,,,,,,,,,,EyesNotFound
0,0,1163813110,,,,,,,,,,,,,EyesNotFound
0,0,1163813126,,,,,,,,,,,,,EyesNotFound
0,0,1163813143,,,,,,,,,,,,,EyesNotFound
0,0,1163813160,,,,,,,,,,,,,EyesNotFound
0,0,1163813176,,,,,,,,,,,,,EyesNotFound
0,0,1163813193,,,,,,,,,,,,,EyesNotFound
0,0,1163813210,,,,,,,,,,,,,EyesNotFound
0,0,1163813226,,,,,,,,,,,,,EyesNotFound
0,0,1163813243,,,,,,,,,,,,,EyesNotFound
0,0,1163813260,,,,,,,,,,,,,EyesNotFound
0,0,1163813276,,,,,,,,,,,,,EyesNotFound
0,0,1163813293,,,,,,,,,,,,,EyesNotFound
0,0,1163813310,,,,,,,,,,,,,EyesNotFound
0,0,1163813326,,,,,,,,,,,,,EyesNotFound
0,0,1163813343,,,,,,,,,,,,,EyesNotFound
0,0,1163813360,,,,,,,,,,,,,EyesNotFound
0,1,1163813376,,,,,,,258.09073,-71.9601,-36.83311,28.36416,77.34016,697.75745,Fixation
1,1,1163813393,178.82503,8.83764,-7.4251,-31.77501,71.98871,687.07349,188.28462,9.89878,-7.0389,28.15353,76.53921,685.63678,Fixation
1,1,1163813410,92.76727,87.00195,21.02435,-32.37074,72.54422,686.97656,116.11366,82.28252,19.30663,27.51856,76.98921,685.06616,Fixation
1,1,1163813426,13.60068,140.64037,40.5471,-33.04156,73.04289,686.87854,48.2571,144.26192,41.86529,26.88638,77.42185,684.81946,Fixation
1,1,1163813443,-42.50269,171.34395,51.72229,-33.72161,73.31851,686.84253,-14.06042,178.71001,54.40334,26.31607,77.70052,685.15106,Fixation
1,1,1163813460,-61.2028,188.49049,57.96317,-34.07553,73.42393,686.93427,-45.51528,188.60873,58.0062,25.98469,77.7513,684.34784,Fixation
1,1,1163813476,-58.90738,186.1664,57.11724,-34.14648,73.24919,686.71704,-43.21506,182.63898,55.83336,26.10045,77.69873,684.64838,Fixation
1,1,1163813493,-55.85995,185.72864,56.95794,-34.25535,73.25616,687.0481,-48.41046,186.93932,57.39858,26.11219,77.68091,684.77838,Fixation
1,1,1163813510,-53.31113,180.08766,54.90477,-34.3214,73.16185,686.71075,-46.04702,185.00136,56.69321,26.10925,77.65459,684.80389,Fixation
1,1,1163813526,-53.83865,186.79323,57.34541,-34.36319,73.08293,686.62366,-45.54231,184.37201,56.46415,26.1008,77.59071,684.54529,Fixation
1,1,1163813543,-54.95786,186.09326,57.09064,-34.4254,73.03782,686.84302,-47.10217,181.35495,55.366,26.09543,77.54287,684.48041,Fixation
1,1,1163813560,-50.6694,184.61606,56.55297,-34.47714,73.02162,686.93115,-45.57146,184.39417,56.47221,26.09102,77.51164,684.53326,Fixation
1,1,1163813576,-50.89635,184.94247,56.67177,-34.51557,72.98276,686.71777,-47.49649,184.49487,56.50887,26.08579,77.50731,684.62421,Fixation
1,1,1163813593,-50.42799,185.16646,56.75328,-34.53794,72.97218,686.51782,-48.24863,183.86412,56.27929,26.0761,77.56352,684.69092,Fixation
1,1,1163813610,-49.74467,184.0739,56.35567,-34.57923,73.01625,686.53638,-48.12772,182.94176,55.94358,26.06898,77.60823,684.74255,Fixation
1,1,1163813626,-51.20163,185.16682,56.75346,-34.62156,73.0627,686.71375,-47.12571,183.68446,56.21386,26.01225,77.57066,684.25372,Fixation
1,1,1163813643,-51.09588,184.03784,56.34256,-34.68583,73.09523,687.0625,-45.92461,185.47212,56.86458,25.94823,77.56087,684.06494,Fixation
1,1,1163813660,-50.31977,185.95825,57.04151,-34.75549,73.08867,687.22668,-45.06688,185.32455,56.81084,25.91029,77.60358,684.48254,Fixation
1,1,1163813676,-46.35101,199.3295,61.90824,-34.58791,73.17207,686.58118,-35.5124,200.52609,62.34374,25.98129,77.80758,684.89197,Fixation
1,1,1163813693,-14.09121,225.85577,71.56301,-34.29075,73.57074,687.91193,-5.3486,229.02716,72.71729,26.18321,78.01523,685.00568,Fixation
1,1,1163813710,-7.58861,223.49861,70.70505,-34.22146,73.5112,687.3941,-4.95017,223.61787,70.74847,26.30051,78.04835,685.15173,Fixation
1,1,1163813726,-8.69906,224.52118,71.07723,-34.3097,73.55284,687.89563,-2.18889,228.03838,72.35738,26.2899,78.01596,685.15308,Fixation
1,1,1163813743,-8.46108,226.02199,71.62351,-34.32445,73.54298,687.86633,-0.94741,227.92877,72.31751,26.30211,78.00419,685.12561,Fixation
1,1,1163813760,-6.1011,225.57051,71.45915,-34.3326,73.49268,687.61328,-1.82495,228.20529,72.41815,26.31175,77.9774,685.09937,Fixation
1,1,1163813776,-8.30966,227.45032,72.14338,-34.33784,73.43175,687.50439,-2.29174,232.54013,73.9959,26.31623,77.91935,685.05981,Fixation
1,1,1163813793,-7.41811,227.26868,72.07724,-34.3417,73.40132,687.65198,-2.141,229.76169,72.98462,26.33264,77.89305,685.10986,Fixation
1,1,1163813810,-7.86875,230.34053,73.19535,-34.3234,73.40225,687.79877,-1.3757,229.88828,73.03075,26.36193,77.89612,685.17297,Fixation
1,1,1163813826,-6.82566,229.38528,72.84769,-34.30236,73.42302,687.87775,-3.2564,231.27939,73.53706,26.42664,77.91183,685.23315,Fixation
1,1,1163813843,-6.86809,229.53716,72.9029,-34.27449,73.45673,687.93311,-2.91054,229.2856,72.81138,26.48461,77.90813,685.16418,Fixation
1,1,1163813860,-6.88011,226.52716,71.80732,-34.22831,73.48291,687.82263,-2.67426,231.03879,73.44946,26.51892,77.91765,685.18591,Fixation
1,1,1163813876,-6.16045,225.77866,71.53491,-34.17579,73.4895,687.60638,-2.38519,229.14938,72.76176,26.56875,77.96719,685.31287,Fixation
1,1,1163813893,-8.18993,226.87584,71.93428,-34.12901,73.5217,687.66443,-2.43944,230.78322,73.35643,26.61867,78.02599,685.51624,Fixation
1,1,1163813910,-6.28511,225.32118,71.36843,-34.10438,73.55664,687.86572,-1.82216,228.30699,72.45518,26.65133,78.05254,685.6311,Fixation
1,1,1163813926,-7.08782,228.00148,72.34395,-34.10261,73.59602,688.16846,-2.71809,228.89737,72.67007,26.66998,78.04905,685.72046,Fixation
1,1,1163813943,-7.74979,228.26248,72.43894,-34.10384,73.61847,688.31323,-1.83182,225.40817,71.40011,26.67768,78.06032,685.74524,Fixation
1,1,1163813960,-8.46092,227.82224,72.27875,-34.10388,73.62519,688.36609,-1.77905,228.01929,72.35048,26.67588,78.06976,685.79749,Fixation
1,1,1163813976,-8.98502,229.89696,73.03387,-34.11572,73.64014,688.44342,-0.80407,225.96687,71.60347,26.65314,78.10431,685.81256,Fixation
1,1,1163813993,-7.78819,227.65706,72.21864,-34.15788,73.67233,688.64807,0.37562,225.85422,71.56242,26.61073,78.15021,685.89459,Fixation
1,1,1163814010,-4.1439,226.28842,71.72047,-34.26467,73.69247,688.90002,-0.35208,224.29778,70.99596,26.55677,78.16216,685.91187,Fixation
1,1,1163814026,-5.29792,227.39526,72.12334,-34.32471,73.64028,688.5777,-1.68057,225.63855,71.48391,26.49345,78.22954,686.34711,Fixation
1,1,1163814043,-7.19229,225.74522,71.52277,-34.38339,73.66679,688.84796,0.35868,224.97495,71.24238,26.3826,78.19001,685.9646,Fixation
1,1,1163814060,-5.26694,228.1281,72.39007,-34.52882,73.71928,689.40973,-0.52986,225.82149,71.55055,26.30735,78.26582,686.40118,Fixation
1,1,1163814076,-6.04656,227.39528,72.12333,-34.56847,73.66794,688.66968,-0.87336,230.03616,73.08459,26.23557,78.32592,686.47144,Fixation
1,1,1163814093,-5.08121,228.49934,72.52518,-34.67934,73.81686,689.51001,0.57824,226.9476,71.9604,26.15593,78.43684,686.53064,Fixation
1,1,1163814110,-4.58267,225.43112,71.40845,-34.75314,73.89629,689.41895,0.38169,226.42159,71.76894,26.07789,78.53459,686.66681,Fixation
1,1,1163814126,-6.06856,227.20689,72.05474,-34.79743,73.89886,689.02313,-1.65365,228.64217,72.57716,26.02048,78.5639,686.56732,Fixation
1,1,1163814143,-3.95849,224.79202,71.17582,-34.89695,73.97151,689.51575,-0.60291,228.24242,72.43169,25.95042,78.60719,686.65173,Fixation
1,1,1163814160,-3.3253,224.48619,71.0645,-34.98515,73.9689,689.89502,0.87134,229.02147,72.71521,25.87655,78.61725,686.9444,Fixation
1,1,1163814176,-4.33062,226.76277,71.8931,-35.03791,73.88151,689.84033,-0.36293,226.18991,71.68462,25.83569,78.60961,687.13013,Fixation
1,1,1163814193,-4.17536,225.14497,71.30429,-35.08248,73.76414,689.3363,-1.3258,226.99928,71.97922,25.78042,78.55573,686.93945,Fixation
1,1,1163814210,-2.94069,223.2657,70.62029,-35.16186,73.79498,689.98718,-0.16655,225.41205,71.40148,25.7192,78.50285,686.94434,Fixation
1,1,1163814226,-4.47147,225.5081,71.43648,-35.19467,73.75627,690.1485,0.65039,227.63005,72.2088,25.68776,78.4803,687.11633,Fixation
1,1,1163814243,-4.0809,224.11325,70.92879,-35.20808,73.73131,690.13342,0.12255,226.75983,71.89204,25.6685,78.48001,687.1698,Fixation
1,1,1163814260,-3.5494,224.67487,71.13316,-35.22129,73.75378,690.14441,-1.04882,223.74753,70.79566,25.66079,78.51296,687.1449,Fixation
1,1,1163814276,-4.83524,222.65643,70.39854,-35.23166,73.79391,690.14703,2.39132,222.86433,70.47421,25.64508,78.56129,687.13147,Fixation
1,1,1163814293,-5.27003,224.35466,71.01665,-35.23533,73.83932,690.19153,2.41169,225.87566,71.57025,25.63351,78.61179,687.2243,Fixation
1,1,1163814310,-6.51776,227.00546,71.98147,-35.2395,73.86346,690.27148,1.17607,227.73811,72.24814,25.62552,78.63094,687.26508,Fixation
1,1,1163814326,-4.33652,228.00494,72.34522,-35.25941,73.87984,690.28174,-0.66196,227.96068,72.32915,25.62306,78.63618,687.26453,Fixation
1,1,1163814343,-6.36252,225.99405,71.61332,-35.26329,73.8318,689.95001,0.66837,227.05157,71.99824,25.61698,78.63998,687.31757,Fixation
1,1,1163814360,-5.63249,223.84981,70.83289,-35.30801,73.82906,690.01123,-2.10622,221.84224,70.1022,25.61788,78.65047,687.43555,Fixation
1,1,1163814376,-4.03054,221.68309,70.04429,-35.38236,73.88699,690.33252,0.92704,223.37968,70.6618,25.61266,78.69237,687.65784,Fixation
1,1,1163814393,-9.32218,218.10503,68.74198,-35.42967,73.94404,690.57855,2.69384,218.01431,68.70889,25.53782,78.80238,688.0954,Fixation
1,1,1163814410,-3.64116,210.83972,66.09763,-35.42136,74.03372,690.61438,10.23533,214.10126,67.28475,25.55402,78.96179,688.31873,Fixation
1,1,1163814426,-5.67067,201.41795,62.66838,-35.45917,74.00063,690.75122,8.52666,204.59515,63.82475,25.50159,78.93489,688.15039,Fixation
1,1,1163814443,-8.64996,198.98996,61.78461,-35.48308,73.98696,691.15839,7.29513,201.09735,62.55169,25.44625,78.85299,687.93329,Fixation
1,0,1163814460,-3.55147,154.34882,45.53665,-35.4545,74.02174,690.83002,,,,,,,Fixation
0,0,1163814476,,,,,,,,,,,,,EyesNotFound
0,0,1163814493,,,,,,,,,,,,,EyesNotFound
0,0,1163814510,,,,,,,,,,,,,EyesNotFound
0,0,1163814526,,,,,,,,,,,,,EyesNotFound
0,0,1163814543,,,,,,,,,,,,,EyesNotFound
0,0,1163814560,,,,,,,,,,,,,EyesNotFound
0,0,1163814576,,,,,,,,,,,,,EyesNotFound
0,0,1163814593,,,,,,,,,,,,,EyesNotFound
1,0,1163814610,-19.75366,161.62752,48.1858,-36.13158,73.94292,691.01599,,,,,,,Fixation
1,1,1163814626,-16.31674,195.85878,60.645,-36.1821,73.83984,690.99243,-3.60598,180.45972,55.0402,24.71526,78.95912,688.14587,Fixation
1,1,1163814643,-17.37809,182.0569,55.62152,-36.20069,73.75107,690.94092,-2.69894,183.52159,56.15462,24.698,78.93845,688.50037,Fixation
1,1,1163814660,-17.62882,183.20868,56.04075,-36.20369,73.73306,690.95569,-1.0847,187.10553,57.45907,24.69562,78.90068,688.64594,Fixation
1,1,1163814676,-15.69787,184.30325,56.43913,-36.21162,73.7402,691.0343,-2.10418,186.15749,57.11403,24.69821,78.89571,688.64465,Fixation
1,1,1163814693,-15.68009,184.16313,56.38816,-36.20355,73.73007,690.95581,-3.95082,187.55255,57.62175,24.70127,78.90143,688.71124,Fixation
1,1,1163814710,-16.06202,185.3927,56.83561,-36.20208,73.73536,690.95538,-3.63509,187.3344,57.54239,24.70297,78.90073,688.6839,Fixation
1,1,1163814726,-14.16906,185.5824,56.90469,-36.18998,73.72157,690.85071,-4.65501,186.386,57.19712,24.70305,78.9011,688.68408,Fixation
1,1,1163814743,-15.01054,185.49406,56.87254,-36.18446,73.71538,690.81177,-3.54158,187.00822,57.42363,24.70649,78.90537,688.724,Fixation
1,1,1163814760,-12.73799,183.88557,56.28711,-36.17911,73.70476,690.79968,-4.53834,188.25203,57.87637,24.70706,78.8894,688.77539,Fixation
1,1,1163814776,-13.34888,184.44926,56.49224,-36.19413,73.72186,690.99701,-7.78666,186.19353,57.12712,24.70141,78.88087,688.86847,Fixation
1,1,1163814793,-14.23311,182.66336,55.84226,-36.19306,73.71629,691.06293,-7.87673,187.06477,57.44423,24.69988,78.88098,688.97302,Fixation
